DCCA_2015_,DCCA_20151,CACODE,ENAME,CNAME,E00_CENTRO,E00_CENT_1,DISTRICT_T,wikiname,WIKIDATA,DISTRICT_E,SHAPE_AREA,SHAPE_LEN,MS_FB,MS_FB_PARE
310,126,Q13,Kwan Po,軍寶,845169.47673751,819389.12523342,西貢區,西貢區軍寶區議員選區,Q54075103,Sai Kung,308388.62064500002,4277.71357254000,country:hk/district:sai-kung/constituency:kwan-po,country:hk/district:sai-kung
309,133,Q25,Kwong Ming,廣明,844703.64008033,819318.02200348,西貢區,西貢區廣明區議員選區,Q54075137,Sai Kung,273555.29997200001,2349.29746375000,country:hk/district:sai-kung/constituency:kwong-ming,country:hk/district:sai-kung
308,128,G17,Hok Yuen Laguna Verde,鶴園海逸,838028.94960647,819106.35304720,九龍城區,九龍城區鶴園海逸區議員選區,Q54084512,Kowloon City,960988.58650800004,4492.00840952000,country:hk/district:kowloon-city/constituency:hok-yuen-laguna-verde,country:hk/district:kowloon-city
306,96,E17,East Tsim Sha Tsui & King's Park,尖東及京士柏,835609.42881226,818067.64432419,油尖旺區,油尖旺區尖東及京士柏區議員選區,Q54074907,Yau Tsim Mong,2371378.22854000004,8441.04790110000,country:hk/district:yau-tsim-mong/constituency:east-tsim-sha-tsui-and-king's-park,country:hk/district:yau-tsim-mong
304,95,E01,Tsim Sha Tsui West,尖沙咀西,834482.30451348,818170.46815110,油尖旺區,油尖旺區尖沙咀西區議員選區,Q54075019,Yau Tsim Mong,4397466.69484000001,10279.68684820000,country:hk/district:yau-tsim-mong/constituency:tsim-sha-tsui-west,country:hk/district:yau-tsim-mong
302,135,E16,Yau Ma Tei North,油麻地北,835393.25151789,819717.54680335,油尖旺區,油尖旺區油麻地北區議員選區,Q54074861,Yau Tsim Mong,135793.46902200000,1936.73998064000,country:hk/district:yau-tsim-mong/constituency:yau-ma-tei-north,country:hk/district:yau-tsim-mong
300,129,G23,Oi Man,愛民,836637.10854770,819242.43754451,九龍城區,九龍城區愛民區議員選區,Q54084503,Kowloon City,368492.01399800001,4528.52961053000,country:hk/district:kowloon-city/constituency:oi-man,country:hk/district:kowloon-city
299,130,J27,Tsui Ping,翠屏,842073.03734169,819391.33622147,觀塘區,觀塘區翠屏區議員選區,Q54085563,Kwun Tong,362912.12023100001,4135.46241768000,country:hk/district:kwun-tong/constituency:tsui-ping,country:hk/district:kwun-tong
298,141,Q14,Nam On,南安,845169.47673751,819389.12523342,西貢區,西貢區南安區議員選區,Q54075096,Sai Kung,166679.29955299999,2411.63181749000,country:hk/district:sai-kung/constituency:nam-on,country:hk/district:sai-kung
295,142,J32,Ting On,定安,840698.35774229,819706.75258817,觀塘區,觀塘區定安區議員選區,Q54085361,Kwun Tong,82454.85586149999,1848.94962788000,country:hk/district:kwun-tong/constituency:ting-on,country:hk/district:kwun-tong
293,150,E06,Mong Kok West,旺角西,835393.25151789,819717.54680335,油尖旺區,油尖旺區旺角西區議員選區,Q54074925,Yau Tsim Mong,150946.86950700000,1607.83578625000,country:hk/district:yau-tsim-mong/constituency:mong-kok-west,country:hk/district:yau-tsim-mong
429,8,D04,Lei Tung I,利東一,834368.94314609,810384.48632369,南區,南區利東一區議員選區,Q54084785,Southern,2147250.92419000017,7263.81661069000,country:hk/district:southern/constituency:lei-tung-i,country:hk/district:southern
428,9,D06,South Horizons East,海怡東,833374.75415869,811044.57008086,南區,南區海怡東區議員選區,Q54084678,Southern,1030941.26566999999,4309.02684366000,country:hk/district:southern/constituency:south-horizons-east,country:hk/district:southern
423,18,D14,Shek Yue,石漁,834296.19581946,812359.59648950,南區,南區石漁區議員選區,Q54084697,Southern,74689.86647600000,1237.21188299000,country:hk/district:southern/constituency:shek-yue,country:hk/district:southern
411,32,C33,Tsui Tak,翠德,842434.19643384,814005.37139675,東區,東區翠德區議員選區,Q54086220,Eastern,158185.94677099999,2292.05444901000,country:hk/district:eastern/constituency:tsui-tak,country:hk/district:eastern
401,38,C09,Yan Lam,欣藍,844083.68845075,814610.33784406,東區,東區欣藍區議員選區,Q54086036,Eastern,962540.97350299999,4314.90290763000,country:hk/district:eastern/constituency:yan-lam,country:hk/district:eastern
260,182,E14,Mong Kok East,旺角東,835667.12596645,820559.26981292,油尖旺區,油尖旺區旺角東區議員選區,Q54074794,Yau Tsim Mong,315074.61476500001,2660.95044485000,country:hk/district:yau-tsim-mong/constituency:mong-kok-east,country:hk/district:yau-tsim-mong
258,178,G07,Kadoorie,嘉道理,836125.93533114,820419.19351785,九龍城區,九龍城區嘉道理區議員選區,Q54084630,Kowloon City,432875.76486699999,2814.45400636000,country:hk/district:kowloon-city/constituency:kadoorie,country:hk/district:kowloon-city
252,190,J07,Jordan Valley,佐敦谷,840503.65426371,820766.25849448,觀塘區,觀塘區佐敦谷區議員選區,Q54085625,Kwun Tong,203265.70492600001,2283.46583647000,country:hk/district:kwun-tong/constituency:jordan-valley,country:hk/district:kwun-tong
424,16,D01,Aberdeen,香港仔,834199.57469392,811750.95119271,南區,南區香港仔區議員選區,Q54084672,Southern,1042840.28327000001,9023.77986665000,country:hk/district:southern/constituency:aberdeen,country:hk/district:southern
418,12,D15,Wong Chuk Hang,黃竹坑,835009.50855879,812514.95559158,南區,南區黃竹坑區議員選區,Q54084685,Southern,2694239.12613000022,10616.55531860000,country:hk/district:southern/constituency:wong-chuk-hang,country:hk/district:southern
417,7,D16,Bays Area,海灣,837154.22020522,810534.99666207,南區,南區海灣區議員選區,Q54084710,Southern,23278242.28359999880,28588.33816910000,country:hk/district:southern/constituency:bays-area,country:hk/district:southern
416,5,D17,Stanley & Shek O,赤柱及石澳,842819.81017247,808960.69417157,南區,南區赤柱及石澳區議員選區,Q54084751,Southern,53472038.61980000138,36907.06880670000,country:hk/district:southern/constituency:stanley-and-shek-o,country:hk/district:southern
412,24,D12,Chi Fu,置富,832526.80054670,813331.17885580,南區,南區置富區議員選區,Q54084724,Southern,1206080.69463000004,5529.91978124000,country:hk/district:southern/constituency:chi-fu,country:hk/district:southern
408,1,T08,Lamma & Po Toi,南丫及蒲台,832834.18651739,805414.69719231,離島區,離島區南丫及蒲台區議員選區,Q54082434,Islands,232086553.34400001168,84904.17575430000,country:hk/district:islands/constituency:lamma-and-po-toi,country:hk/district:islands
405,31,B11,Stubbs Road,司徒拔道,836377.71425581,813788.11077751,灣仔區,灣仔區司徒拔道區議員選區,Q54085038,Wan Chai,4203151.66892000008,12833.19275700000,country:hk/district:wan-chai/constituency:stubbs-road,country:hk/district:wan-chai
404,26,D11,Pokfulam,薄扶林,830878.17739315,813825.49715636,南區,南區薄扶林區議員選區,Q7208637,Southern,6080366.18960000016,11226.49254920000,country:hk/district:southern/constituency:pokfulam,country:hk/district:southern
397,33,A04,Peak,山頂,833721.73628385,814271.49920925,中西區,中西區山頂區議員選區,Q54086344,Central & Western,5739199.59480999969,13329.39149780000,country:hk/district:central-and-western/constituency:peak,country:hk/district:central-and-western
394,47,C05,Shaukeiwan,筲箕灣,841650.64376832,815521.91039651,東區,東區筲箕灣區議員選區,Q54086095,Eastern,103103.23701000000,2008.62483110000,country:hk/district:eastern/constituency:shaukeiwan,country:hk/district:eastern
390,61,C04,Aldrich Bay,愛秩序灣,841412.04379812,815851.57832697,東區,東區愛秩序灣區議員選區,Q54085973,Eastern,101249.09824500000,1339.91388232000,country:hk/district:eastern/constituency:aldrich-bay,country:hk/district:eastern
380,49,A05,University,大學,832240.72836155,815603.26905792,中西區,中西區大學區議員選區,Q54086349,Central & Western,1528325.33639999991,6512.00071189000,country:hk/district:central-and-western/constituency:university,country:hk/district:central-and-western
378,21,C14,Mount Parker,栢架山,839687.28457404,814583.74477752,東區,東區栢架山區議員選區,Q54085930,Eastern,4170285.08477000007,14743.59641400000,country:hk/district:eastern/constituency:mount-parker,country:hk/district:eastern
374,72,A14,Centre Street,正街,832727.92986064,816331.93777478,中西區,中西區正街區議員選區,Q54086353,Central & Western,108379.55557300001,1770.62071565000,country:hk/district:central-and-western/constituency:centre-street,country:hk/district:central-and-western
368,56,C06,A Kung Ngam,阿公岩,842007.33424570,815831.26445260,東區,東區阿公岩區議員選區,Q54086132,Eastern,1736763.84948999994,7784.22269003000,country:hk/district:eastern/constituency:a-kung-ngam,country:hk/district:eastern
365,81,C20,Kam Ping,錦屏,838710.63966291,816803.41322460,東區,東區錦屏區議員選區,Q54085800,Eastern,81285.99897600000,1607.30954872000,country:hk/district:eastern/constituency:kam-ping,country:hk/district:eastern
403,37,C32,Lok Hong,樂康,842352.81312353,814710.23317597,東區,東區樂康區議員選區,Q54085877,Eastern,592036.46931099996,3902.83794636000,country:hk/district:eastern/constituency:lok-hong,country:hk/district:eastern
400,40,B09,Broadwood,樂活,837352.16122784,814888.17677399,灣仔區,灣仔區樂活區議員選區,Q54085027,Wan Chai,537761.06833000004,3555.25600854000,country:hk/district:wan-chai/constituency:broadwood,country:hk/district:wan-chai
263,161,Q15,Hong King,康景,844245.00516517,819976.29506328,西貢區,西貢區康景區議員選區,Q54075187,Sai Kung,513557.49201300001,4106.07177785000,country:hk/district:sai-kung/constituency:hong-king,country:hk/district:sai-kung
259,181,Q18,Yan Ying,欣英,844652.90169383,820553.88874113,西貢區,西貢區欣英區議員選區,Q54075090,Sai Kung,129125.28656399999,1708.49084645000,country:hk/district:sai-kung/constituency:yan-ying,country:hk/district:sai-kung
256,183,G01,Ma Tau Wai,馬頭圍,837335.04102882,820627.07138960,九龍城區,九龍城區馬頭圍區議員選區,Q54084589,Kowloon City,340409.13947699999,3186.37512108000,country:hk/district:kowloon-city/constituency:ma-tau-wai,country:hk/district:kowloon-city
255,186,Q17,Po Lam,寶林,844253.65803908,820738.30887287,西貢區,西貢區寶林區議員選區,Q54075198,Sai Kung,209427.42769300001,2242.11593260000,country:hk/district:sai-kung/constituency:po-lam,country:hk/district:sai-kung
253,179,F08,Nam Cheong West,南昌西,834332.44353511,820765.75827577,深水埗區,深水埗區南昌西區議員選區,Q54083390,Sham Shui Po,317475.14339400001,3085.94690567000,country:hk/district:sham-shui-po/constituency:nam-cheong-west,country:hk/district:sham-shui-po
250,187,G08,Prince,太子,836733.97691088,820905.30061325,九龍城區,九龍城區太子區議員選區,Q54084492,Kowloon City,756917.82612400001,4950.23885713000,country:hk/district:kowloon-city/constituency:prince,country:hk/district:kowloon-city
427,11,D07,South Horizons West,海怡西,832900.96231224,811419.77578362,南區,南區海怡西區議員選區,Q54084718,Southern,326694.03510799998,2952.84718969000,country:hk/district:southern/constituency:south-horizons-west,country:hk/district:southern
426,14,D02,Ap Lei Chau Estate,鴨脷洲邨,833582.83067355,811771.15510739,南區,南區鴨脷洲邨區議員選區,Q54084691,Southern,91728.24800800000,1445.59632074000,country:hk/district:southern/constituency:ap-lei-chau-estate,country:hk/district:southern
414,25,C35,Kai Hiu,佳曉,843632.87442438,813588.21893008,東區,東區佳曉區議員選區,Q54154327,Eastern,154989.87075500001,2271.51190343000,country:hk/district:eastern/constituency:kai-hiu,country:hk/district:eastern
402,36,B10,Happy Valley,跑馬地,836915.54985726,814711.03816759,灣仔區,灣仔區跑馬地區議員選區,Q54085075,Wan Chai,444881.18254600000,3604.13897251000,country:hk/district:wan-chai/constituency:happy-valley,country:hk/district:wan-chai
392,51,A07,Kwun Lung,觀龍,831319.46875377,815624.17682626,中西區,中西區觀龍區議員選區,Q54086347,Central & Western,237301.66953700001,2787.34842184000,country:hk/district:central-and-western/constituency:kwun-lung,country:hk/district:central-and-western
386,48,C07,Heng Fa Chuen,杏花邨,842909.21131755,815468.86908445,東區,東區杏花邨區議員選區,Q54086188,Eastern,740855.85277600004,4039.03688068000,country:hk/district:eastern/constituency:heng-fa-chuen,country:hk/district:eastern
369,75,C16,Fortress Hill,炮台山,838063.16913066,816488.91370336,東區,東區炮台山區議員選區,Q54086189,Eastern,143663.66478699999,2272.79790051000,country:hk/district:eastern/constituency:fortress-hill,country:hk/district:eastern
355,84,C17,City Garden,城市花園,837736.04204009,816995.58914192,東區,東區城市花園區議員選區,Q54086054,Eastern,581950.01630200003,3151.85942711000,country:hk/district:eastern/constituency:city-garden,country:hk/district:eastern
352,86,A10,Shek Tong Tsui,石塘咀,831965.63488158,817021.65650529,中西區,中西區石塘咀區議員選區,Q54086360,Central & Western,1030299.19752000005,4474.35992905000,country:hk/district:central-and-western/constituency:shek-tong-tsui,country:hk/district:central-and-western
341,105,Q08,Do Shin,都善,843839.63312496,817701.47077018,西貢區,西貢區都善區議員選區,Q54075095,Sai Kung,79103.31428550000,1266.97629826000,country:hk/district:sai-kung/constituency:do-shin,country:hk/district:sai-kung
432,2,T09,Cheung Chau South,長洲南,820961.04017829,806544.19453996,離島區,離島區長洲南區議員選區,Q54082348,Islands,6970745.93309000041,12767.08187860000,country:hk/district:islands/constituency:cheung-chau-south,country:hk/district:islands
431,3,T10,Cheung Chau North,長洲北,820919.99472625,808529.83799042,離島區,離島區長洲北區議員選區,Q54082453,Islands,8874233.28041999973,13738.50518470000,country:hk/district:islands/constituency:cheung-chau-north,country:hk/district:islands
430,10,D05,Lei Tung II,利東二,834012.56520366,811424.41654484,南區,南區利東二區議員選區,Q54084702,Southern,99930.26702699999,1519.53612644000,country:hk/district:southern/constituency:lei-tung-ii,country:hk/district:southern
64,375,M05,Yuen Long Centre,元朗中心,821189.07482432,834016.88082169,元朗區,元朗區元朗中心區議員選區,Q54086245,Yuen Long,322368.76453300001,3168.45520434000,country:hk/district:yuen-long/constituency:yuen-long-centre,country:hk/district:yuen-long
61,377,P12,San Fu,新富,834675.81212004,834012.99455578,大埔區,大埔區新富區議員選區,Q54084850,Tai Po,941417.16765500000,5238.61530713000,country:hk/district:tai-po/constituency:san-fu,country:hk/district:tai-po
60,378,P01,Tai Po Hui,大埔墟,835339.49629669,834226.04005463,大埔區,大埔區大埔墟區議員選區,Q54084891,Tai Po,396506.93410100002,2855.48098810000,country:hk/district:tai-po/constituency:tai-po-hui,country:hk/district:tai-po
59,381,P08,Kwong Fuk & Plover Cove,廣福及寶湖,835790.25300632,834407.22109961,大埔區,大埔區廣福及寶湖區議員選區,Q54084965,Tai Po,233455.72849800001,3189.96326797000,country:hk/district:tai-po/constituency:kwong-fuk-and-plover-cove,country:hk/district:tai-po
55,383,M04,Pek Long,北朗,820991.13950876,834543.55364844,元朗區,元朗區北朗區議員選區,Q54086232,Yuen Long,388303.13767899998,4105.56392200000,country:hk/district:yuen-long/constituency:pek-long,country:hk/district:yuen-long
52,390,P07,Fu Ming Sun,富明新,836009.64878783,834720.23823614,大埔區,大埔區富明新區議員選區,Q54084811,Tai Po,153068.52580500001,1963.92991335000,country:hk/district:tai-po/constituency:fu-ming-sun,country:hk/district:tai-po
50,395,P16,Old Market & Serenity,舊墟及太湖,834859.27588953,834895.12901740,大埔區,大埔區舊墟及太湖區議員選區,Q54084972,Tai Po,148203.98531900000,2105.84406951000,country:hk/district:tai-po/constituency:old-market-and-serenity,country:hk/district:tai-po
49,396,P06,Yee Fu,怡富,836144.69822286,834988.07305073,大埔區,大埔區怡富區議員選區,Q54084957,Tai Po,194534.19109700000,2286.08163905000,country:hk/district:tai-po/constituency:yee-fu,country:hk/district:tai-po
46,397,M16,Shui Oi,瑞愛,817816.30132456,835088.92462301,元朗區,元朗區瑞愛區議員選區,Q54086236,Yuen Long,175796.94138700000,1859.81233536000,country:hk/district:yuen-long/constituency:shui-oi,country:hk/district:yuen-long
44,387,M29,Kingswood South,嘉湖南,818304.85136589,835015.18848539,元朗區,元朗區嘉湖南區議員選區,Q54086266,Yuen Long,539663.35913200001,4306.32135037000,country:hk/district:yuen-long/constituency:kingswood-south,country:hk/district:yuen-long
43,391,P03,Chung Ting,頌汀,835307.75026148,834990.71974919,大埔區,大埔區頌汀區議員選區,Q54084794,Tai Po,230113.84749200000,3850.89648325000,country:hk/district:tai-po/constituency:chung-ting,country:hk/district:tai-po
39,401,M25,Kingswood North,嘉湖北,818632.34410467,835554.62878375,元朗區,元朗區嘉湖北區議員選區,Q54086226,Yuen Long,368928.60632899997,2778.79358042000,country:hk/district:yuen-long/constituency:kingswood-north,country:hk/district:yuen-long
362,76,C03,Lei King Wan,鯉景灣,841203.88984212,816506.63635610,東區,東區鯉景灣區議員選區,Q54085820,Eastern,470109.17323600000,3058.06067237000,country:hk/district:eastern/constituency:lei-king-wan,country:hk/district:eastern
360,82,C02,Tai Koo Shing East,太古城東,840824.19969895,816737.57533045,東區,東區太古城東區議員選區,Q54086191,Eastern,474516.79043699999,3104.86187669000,country:hk/district:eastern/constituency:tai-koo-shing-east,country:hk/district:eastern
343,99,J22,Yau Lai,油麗,842303.45848997,818069.43354559,觀塘區,觀塘區油麗區議員選區,Q54085484,Kwun Tong,94068.16143900000,1852.37862785000,country:hk/district:kwun-tong/constituency:yau-lai,country:hk/district:kwun-tong
342,94,Q07,Wai King,維景,843839.63312496,817701.47077018,西貢區,西貢區維景區議員選區,Q54075076,Sai Kung,1523553.03481000010,7693.27808554000,country:hk/district:sai-kung/constituency:wai-king,country:hk/district:sai-kung
336,107,G20,Hung Hom Bay,紅磡灣,837245.69781079,818525.50295785,九龍城區,九龍城區紅磡灣區議員選區,Q54084574,Kowloon City,113969.36992700001,2088.35508536000,country:hk/district:kowloon-city/constituency:hung-hom-bay,country:hk/district:kowloon-city
335,93,J24,Yau Tong West,油塘西,842039.10205904,817357.22975458,觀塘區,觀塘區油塘西區議員選區,Q54085747,Kwun Tong,2807175.76739999978,9843.43096405000,country:hk/district:kwun-tong/constituency:yau-tong-west,country:hk/district:kwun-tong
62,379,M03,Nam Ping,南屏,820501.90603107,834301.26024526,元朗區,元朗區南屏區議員選區,Q54086233,Yuen Long,173419.74742100001,1707.33480272000,country:hk/district:yuen-long/constituency:nam-ping,country:hk/district:yuen-long
54,389,P15,Tai Wo,太和,834761.23461366,834682.99012571,大埔區,大埔區太和區議員選區,Q54084860,Tai Po,123207.48518300000,1603.90947334000,country:hk/district:tai-po/constituency:tai-wo,country:hk/district:tai-po
51,392,P02,Tai Po Central,大埔中,835598.23543167,834762.67096965,大埔區,大埔區大埔中區議員選區,Q54084803,Tai Po,168952.09918900000,1953.45265014000,country:hk/district:tai-po/constituency:tai-po-central,country:hk/district:tai-po
47,398,P04,Tai Yuen,大元,835482.05054331,835098.51432133,大埔區,大埔區大元區議員選區,Q54084871,Tai Po,138224.71327300000,1858.55644867000,country:hk/district:tai-po/constituency:tai-yuen,country:hk/district:tai-po
41,403,M18,Chung Wah,頌華,817756.08822513,835721.43414862,元朗區,元朗區頌華區議員選區,Q54086250,Yuen Long,122890.17280700000,1933.00066580000,country:hk/district:yuen-long/constituency:chung-wah,country:hk/district:yuen-long
34,285,Q03,Sai Kung Islands,西貢離島,859134.21754482,825466.47842447,西貢區,西貢區西貢離島區議員選區,Q54075097,Sai Kung,329285384.97100001574,84224.84934760000,country:hk/district:sai-kung/constituency:sai-kung-islands,country:hk/district:sai-kung
31,407,M21,Yat Chak,逸澤,817885.27662147,836468.46882337,元朗區,元朗區逸澤區議員選區,Q54086257,Yuen Long,132941.96454099999,1495.22649165000,country:hk/district:yuen-long/constituency:yat-chak,country:hk/district:yuen-long
30,384,M34,Pat Heung North,八鄉北,828004.27590555,834649.72438523,元朗區,元朗區八鄉北區議員選區,Q54086261,Yuen Long,16691307.88590000011,20923.34903420000,country:hk/district:yuen-long/constituency:pat-heung-north,country:hk/district:yuen-long
27,370,P13,Lam Tsuen Valley,林村谷,832020.36055804,834087.26234314,大埔區,大埔區林村谷區議員選區,Q54084912,Tai Po,18574174.42720000073,22569.36961630000,country:hk/district:tai-po/constituency:lam-tsuen-valley,country:hk/district:tai-po
25,376,M14,Ha Tsuen,廈村,812676.33989374,834354.62973209,元朗區,元朗區廈村區議員選區,Q54086256,Yuen Long,44172640.58600000292,34510.81010940000,country:hk/district:yuen-long/constituency:ha-tsuen,country:hk/district:yuen-long
24,410,N06,Yan Shing,欣盛,832265.65572811,837691.27639833,北區,北區欣盛區議員選區,Q54083937,North,3071977.57039000001,10207.42812810000,country:hk/district:north/constituency:yan-shing,country:hk/district:north
20,388,P17,Hong Lok Yuen,康樂園,836324.03206394,836906.80619577,大埔區,大埔區康樂園區議員選區,Q54084938,Tai Po,19877660.37779999897,29224.46544560000,country:hk/district:tai-po/constituency:hong-lok-yuen,country:hk/district:tai-po
18,417,N08,Fanling South,粉嶺南,832265.65572811,837691.27639833,北區,北區粉嶺南區議員選區,Q54083805,North,679538.78691100003,6038.83546351000,country:hk/district:north/constituency:fanling-south,country:hk/district:north
17,416,N10,Yu Tai,御太,830896.34512467,839780.13934881,北區,北區御太區議員選區,Q54084006,North,5455063.00236000028,14522.99616890000,country:hk/district:north/constituency:yu-tai,country:hk/district:north
13,418,M31,Fairview Park,錦綉花園,821719.06057181,839014.94663329,元朗區,元朗區錦綉花園區議員選區,Q54086235,Yuen Long,8477760.79178999923,16722.02993840000,country:hk/district:yuen-long/constituency:fairview-park,country:hk/district:yuen-long
9,419,M13,Ping Shan North,屏山北,818979.71044097,832415.01033270,元朗區,元朗區屏山北區議員選區,Q54086241,Yuen Long,23145973.95520000160,27944.15341110000,country:hk/district:yuen-long/constituency:ping-shan-north,country:hk/district:yuen-long
7,415,M32,San Tin,新田,824898.94444353,838544.34843089,元朗區,元朗區新田區議員選區,Q54086272,Yuen Long,28685916.30499999970,32732.32296660000,country:hk/district:yuen-long/constituency:san-tin,country:hk/district:yuen-long
6,427,N18,Queen's Hill,皇后山,835138.63920124,840497.41614876,北區,北區皇后山區議員選區,Q54083980,North,15920166.45289999992,23821.70374370000,country:hk/district:north/constituency:queen's-hill,country:hk/district:north
5,411,N11,Sheung Shui Rural,上水鄉郊,829009.56392257,839908.73019142,北區,北區上水鄉郊區議員選區,Q54083922,North,20193808.18950000033,34860.49679600000,country:hk/district:north/constituency:sheung-shui-rural,country:hk/district:north
4,341,P19,Sai Kung North,西貢北,855557.97516150,837073.51217944,大埔區,大埔區西貢北區議員選區,Q54084819,Tai Po,176672485.91499999166,71668.24481540000,country:hk/district:tai-po/constituency:sai-kung-north,country:hk/district:tai-po
3,414,P18,Shuen Wan,船灣,848820.42936207,840069.37542689,大埔區,大埔區船灣區議員選區,Q54084922,Tai Po,102180122.67700000107,71598.66150830001,country:hk/district:tai-po/constituency:shuen-wan,country:hk/district:tai-po
35,404,M19,Yuet Yan,悅恩,817818.15836615,835946.49399576,元朗區,元朗區悅恩區議員選區,Q54086248,Yuen Long,167517.98808200000,2299.04111777000,country:hk/district:yuen-long/constituency:yuet-yan,country:hk/district:yuen-long
28,409,M22,Tin Heng,天恒,818139.30841794,836903.70994842,元朗區,元朗區天恒區議員選區,Q54086276,Yuen Long,215912.22693400001,2128.05589578000,country:hk/district:yuen-long/constituency:tin-heng,country:hk/district:yuen-long
422,15,D08,Wah Kwai,華貴,832396.42126489,811842.61844657,南區,南區華貴區議員選區,Q54084759,Southern,1007115.76905000000,4492.26309494000,country:hk/district:southern/constituency:wah-kwai,country:hk/district:southern
421,17,D09,Wah Fu South,華富南,831802.46035037,812238.95601097,南區,南區華富南區議員選區,Q54084733,Southern,492250.02725699998,3503.48808590000,country:hk/district:southern/constituency:wah-fu-south,country:hk/district:southern
420,19,D13,Tin Wan,田灣,833301.42157005,812443.85620279,南區,南區田灣區議員選區,Q54084768,Southern,591055.31802699994,4484.51083982000,country:hk/district:southern/constituency:tin-wan,country:hk/district:southern
419,20,D10,Wah Fu North,華富北,832160.73063481,812777.44286399,南區,南區華富北區議員選區,Q54084779,Southern,202953.21217300001,2330.00116052000,country:hk/district:southern/constituency:wah-fu-north,country:hk/district:southern
415,23,C12,Wan Tsui,環翠,843551.23319637,812877.27222996,東區,東區環翠區議員選區,Q54085894,Eastern,2917307.39402000001,10071.20411000000,country:hk/district:eastern/constituency:wan-tsui,country:hk/district:eastern
413,29,C10,Siu Sai Wan,小西灣,843593.81101718,813865.60049515,東區,東區小西灣區議員選區,Q54086198,Eastern,118231.77001300000,2060.49783146000,country:hk/district:eastern/constituency:siu-sai-wan,country:hk/district:eastern
410,30,C34,Yue Wan,漁灣,843042.39272840,813951.25874552,東區,東區漁灣區議員選區,Q54086014,Eastern,243563.05648800000,2648.56380118000,country:hk/district:eastern/constituency:yue-wan,country:hk/district:eastern
409,28,C13,Fei Tsui,翡翠,841008.67952872,813745.06024146,東區,東區翡翠區議員選區,Q54086202,Eastern,1990901.76004000008,6917.98010476000,country:hk/district:eastern/constituency:fei-tsui,country:hk/district:eastern
407,27,C11,King Yee,景怡,844515.23243557,813795.05429552,東區,東區景怡區議員選區,Q54086197,Eastern,1756360.51857000007,6441.47918000000,country:hk/district:eastern/constituency:king-yee,country:hk/district:eastern
406,35,C31,Hing Man,興民,841588.23763571,814469.57628731,東區,東區興民區議員選區,Q54085995,Eastern,862525.01658499998,5546.86719638000,country:hk/district:eastern/constituency:hing-man,country:hk/district:eastern
344,90,J23,Chui Cheung,翠翔,842637.66457030,817625.14387180,觀塘區,觀塘區翠翔區議員選區,Q54085459,Kwun Tong,104055.34428600001,2837.41041155000,country:hk/district:kwun-tong/constituency:chui-cheung,country:hk/district:kwun-tong
340,97,E02,Jordan South,佐敦南,835609.42881226,818067.64432419,油尖旺區,油尖旺區佐敦南區議員選區,Q54074976,Yau Tsim Mong,433368.75709299999,3593.56719354000,country:hk/district:yau-tsim-mong/constituency:jordan-south,country:hk/district:yau-tsim-mong
339,102,G19,Whampoa West,黃埔西,837359.06802107,818317.22127056,九龍城區,九龍城區黃埔西區議員選區,Q54084494,Kowloon City,169323.52815599999,2401.59724509000,country:hk/district:kowloon-city/constituency:whampoa-west,country:hk/district:kowloon-city
338,101,J20,Pak Nga,栢雅,842612.86967341,818234.54556711,觀塘區,觀塘區栢雅區議員選區,Q54085444,Kwun Tong,158824.94938800001,2339.16757420000,country:hk/district:kwun-tong/constituency:pak-nga,country:hk/district:kwun-tong
334,110,Q09,Kin Ming,健明,843808.26223584,818533.91533315,西貢區,西貢區健明區議員選區,Q54075128,Sai Kung,105831.32635000000,1568.76931927000,country:hk/district:sai-kung/constituency:kin-ming,country:hk/district:sai-kung
333,108,Q06,Po Yee,寶怡,845132.42994307,818484.75041061,西貢區,西貢區寶怡區議員選區,Q54075149,Sai Kung,584543.92719399999,3753.25290110000,country:hk/district:sai-kung/constituency:po-yee,country:hk/district:sai-kung
323,118,Q12,Fu Kwan,富君,844848.60999818,818924.00086896,西貢區,西貢區富君區議員選區,Q54075180,Sai Kung,186949.67351800000,1912.62448189000,country:hk/district:sai-kung/constituency:fu-kwan,country:hk/district:sai-kung
314,134,E05,Charming,富榮,834948.14351616,819435.11100305,油尖旺區,油尖旺區富榮區議員選區,Q54074940,Yau Tsim Mong,160544.13346600000,2110.66466453000,country:hk/district:yau-tsim-mong/constituency:charming,country:hk/district:yau-tsim-mong
307,136,J29,Yuet Wah,月華,841451.32558727,819465.70701699,觀塘區,觀塘區月華區議員選區,Q54085711,Kwun Tong,107542.92016400000,1553.91802924000,country:hk/district:kwun-tong/constituency:yuet-wah,country:hk/district:kwun-tong
305,140,G15,To Kwa Wan North,土瓜灣北,837526.63236672,819585.52856588,九龍城區,九龍城區土瓜灣北區議員選區,Q54084555,Kowloon City,76705.08161700000,1195.33021275000,country:hk/district:kowloon-city/constituency:to-kwa-wan-north,country:hk/district:kowloon-city
301,138,Q23,Tak Ming,德明,845641.12394270,819611.93643636,西貢區,西貢區德明區議員選區,Q54075268,Sai Kung,85089.56173650001,1582.54391470000,country:hk/district:sai-kung/constituency:tak-ming,country:hk/district:sai-kung
294,148,G14,Hoi Sham,海心,837894.76266030,819747.00575463,九龍城區,九龍城區海心區議員選區,Q54084623,Kowloon City,196935.69405100000,1868.72556844000,country:hk/district:kowloon-city/constituency:hoi-sham,country:hk/district:kowloon-city
287,155,G03,Ma Tau Kok,馬頭角,837521.02638655,819923.16770505,九龍城區,九龍城區馬頭角區議員選區,Q54084542,Kowloon City,182495.86988300001,2186.65867062000,country:hk/district:kowloon-city/constituency:ma-tau-kok,country:hk/district:kowloon-city
286,157,E09,Cherry,櫻桃,834780.91359516,820044.63626176,油尖旺區,油尖旺區櫻桃區議員選區,Q54074751,Yau Tsim Mong,183085.83950999999,2183.37654745000,country:hk/district:yau-tsim-mong/constituency:cherry,country:hk/district:yau-tsim-mong
278,164,G02,Ma Hang Chung,馬坑涌,837636.28511786,820173.20090772,九龍城區,九龍城區馬坑涌區議員選區,Q54084656,Kowloon City,139617.43850500000,2330.36012937000,country:hk/district:kowloon-city/constituency:ma-hang-chung,country:hk/district:kowloon-city
269,166,E08,Olympic,奧運,833989.87721986,820114.86752000,油尖旺區,油尖旺區奧運區議員選區,Q54075022,Yau Tsim Mong,735831.57944799995,4121.01771975000,country:hk/district:yau-tsim-mong/constituency:olympic,country:hk/district:yau-tsim-mong
257,174,J02,Kowloon Bay,九龍灣,839551.65310469,820436.22814158,觀塘區,觀塘區九龍灣區議員選區,Q54085382,Kwun Tong,804863.05147399998,4121.71810209000,country:hk/district:kwun-tong/constituency:kowloon-bay,country:hk/district:kwun-tong
251,193,F07,Nam Cheong Central,南昌中,834654.07645664,821134.81423697,深水埗區,深水埗區南昌中區議員選區,Q54083471,Sham Shui Po,108932.88796500000,1327.21425512000,country:hk/district:sham-shui-po/constituency:nam-cheong-central,country:hk/district:sham-shui-po
247,188,F09,Fu Cheong,富昌,833806.80706832,820953.83066223,深水埗區,深水埗區富昌區議員選區,Q54083328,Sham Shui Po,680148.60608699999,3579.42784294000,country:hk/district:sham-shui-po/constituency:fu-cheong,country:hk/district:sham-shui-po
243,196,G10,Lung Shing,龍城,837597.89410948,821228.77270485,九龍城區,九龍城區龍城區議員選區,Q54084566,Kowloon City,303891.91703800001,2536.57234005000,country:hk/district:kowloon-city/constituency:lung-shing,country:hk/district:kowloon-city
235,195,J04,Lai Ching,麗晶,839271.66169225,821360.64053863,觀塘區,觀塘區麗晶區議員選區,Q54085083,Kwun Tong,130522.36727300000,2039.84901202000,country:hk/district:kwun-tong/constituency:lai-ching,country:hk/district:kwun-tong
331,114,G21,Hung Hom,紅磡,836981.01511581,818649.94900987,九龍城區,九龍城區紅磡區議員選區,Q54084561,Kowloon City,149182.84269100000,1768.91645144000,country:hk/district:kowloon-city/constituency:hung-hom,country:hk/district:kowloon-city
242,137,G13,Kai Tak South,啟德南,839029.13371614,819779.20105410,九龍城區,九龍城區啟德南區議員選區,Q54084582,Kowloon City,4155839.81752000004,12705.40384360000,country:hk/district:kowloon-city/constituency:kai-tak-south,country:hk/district:kowloon-city
239,206,H22,Choi Wan South,彩雲南,840256.74244868,821581.11170243,黃大仙區,黃大仙區彩雲南區議員選區,Q54076438,Wong Tai Sin,80770.97228870000,1398.04990805000,country:hk/district:wong-tai-sin/constituency:choi-wan-south,country:hk/district:wong-tai-sin
238,202,J05,Ping Shek,坪石,839743.85189349,821459.06385173,觀塘區,觀塘區坪石區議員選區,Q54085261,Kwun Tong,222056.67340500001,2200.41646076000,country:hk/district:kwun-tong/constituency:ping-shek,country:hk/district:kwun-tong
237,203,J09,Sheung Shun,雙順,841107.66749638,821501.02249334,觀塘區,觀塘區雙順區議員選區,Q54085584,Kwun Tong,276964.50001600001,3588.91988077000,country:hk/district:kwun-tong/constituency:sheung-shun,country:hk/district:kwun-tong
234,207,F04,Shek Kip Mei,石硤尾,835185.73246635,821470.37178766,深水埗區,深水埗區石硤尾區議員選區,Q54083344,Sham Shui Po,124992.12473900001,1991.59840277000,country:hk/district:sham-shui-po/constituency:shek-kip-mei,country:hk/district:sham-shui-po
357,44,A01,Chung Wan,中環,834495.25962703,816266.41101743,中西區,中西區中環區議員選區,Q54086345,Central & Western,2898839.48376000021,9082.12494726000,country:hk/district:central-and-western/constituency:chung-wan,country:hk/district:central-and-western
356,80,C01,Tai Koo Shing West,太古城西,840392.46121539,816852.64671319,東區,東區太古城西區議員選區,Q54086182,Eastern,538947.70816299994,3678.98412094000,country:hk/district:eastern/constituency:tai-koo-shing-west,country:hk/district:eastern
351,66,A09,Belcher,寶翠,831608.73062148,816533.26531419,中西區,中西區寶翠區議員選區,Q54086367,Central & Western,225696.33850600000,4572.13739085000,country:hk/district:central-and-western/constituency:belcher,country:hk/district:central-and-western
292,153,Q21,Hau Tak,厚德,845330.42833488,819890.10309364,西貢區,西貢區厚德區議員選區,Q54075260,Sai Kung,115044.85205900000,1854.65454715000,country:hk/district:sai-kung/constituency:hau-tak,country:hk/district:sai-kung
291,121,J01,Kwun Tong Central,觀塘中心,840533.80170561,819226.85037188,觀塘區,觀塘區觀塘中心區議員選區,Q54085688,Kwun Tong,2048325.30566999991,7962.92738624000,country:hk/district:kwun-tong/constituency:kwun-tong-central,country:hk/district:kwun-tong
290,143,G05,Sheung Lok,常樂,836918.47582043,819659.64662709,九龍城區,九龍城區常樂區議員選區,Q54084665,Kowloon City,378756.85415500001,2894.39808760000,country:hk/district:kowloon-city/constituency:sheung-lok,country:hk/district:kowloon-city
289,152,J31,Hong Lok,康樂,840826.76753795,819872.71843821,觀塘區,觀塘區康樂區議員選區,Q54085244,Kwun Tong,177326.16168900000,2392.75770817000,country:hk/district:kwun-tong/constituency:hong-lok,country:hk/district:kwun-tong
288,146,Q22,Fu Nam,富藍,845615.85203089,819876.84983002,西貢區,西貢區富藍區議員選區,Q54075170,Sai Kung,175005.67658999999,3188.06836906000,country:hk/district:sai-kung/constituency:fu-nam,country:hk/district:sai-kung
284,154,J15,Sau Mau Ping Central,秀茂坪中,842197.91037274,819817.75271631,觀塘區,觀塘區秀茂坪中區議員選區,Q54085504,Kwun Tong,66976.64719300000,1277.57927992000,country:hk/district:kwun-tong/constituency:sau-mau-ping-central,country:hk/district:kwun-tong
283,139,J30,Hip Hong,協康,841239.33385323,819890.65333253,觀塘區,觀塘區協康區議員選區,Q54085603,Kwun Tong,204422.23975400001,2004.55129935000,country:hk/district:kwun-tong/constituency:hip-hong,country:hk/district:kwun-tong
281,151,J13,Hiu Lai,曉麗,841738.94391402,819906.70658374,觀塘區,觀塘區曉麗區議員選區,Q54085146,Kwun Tong,209912.18910900000,3020.08061075000,country:hk/district:kwun-tong/constituency:hiu-lai,country:hk/district:kwun-tong
279,160,J37,Lok Wah South,樂華南,841084.52372520,820174.40851152,觀塘區,觀塘區樂華南區議員選區,Q54085538,Kwun Tong,94436.44144749999,2168.12328863000,country:hk/district:kwun-tong/constituency:lok-wah-south,country:hk/district:kwun-tong
274,170,J36,Lok Wah North,樂華北,840767.74032367,820274.32517142,觀塘區,觀塘區樂華北區議員選區,Q54085101,Kwun Tong,196591.00847700000,2720.38966104000,country:hk/district:kwun-tong/constituency:lok-wah-north,country:hk/district:kwun-tong
272,171,J12,Sau Mau Ping North,秀茂坪北,841771.46720055,820160.86594248,觀塘區,觀塘區秀茂坪北區議員選區,Q54085759,Kwun Tong,291197.35930800001,3539.76261544000,country:hk/district:kwun-tong/constituency:sau-mau-ping-north,country:hk/district:kwun-tong
271,122,T05,Tung Chung South,東涌南,809025.83838209,818974.82291308,離島區,離島區東涌南區議員選區,Q54082471,Islands,31146011.56850000098,27817.73867750000,country:hk/district:islands/constituency:tung-chung-south,country:hk/district:islands
268,180,E11,Tai Kok Tsui North,大角咀北,834643.80326785,820511.22730926,油尖旺區,油尖旺區大角咀北區議員選區,Q54074836,Yau Tsim Mong,115135.10744199999,2054.96029946000,country:hk/district:yau-tsim-mong/constituency:tai-kok-tsui-north,country:hk/district:yau-tsim-mong
267,167,E13,Mong Kok North,旺角北,835257.41067682,820277.24979007,油尖旺區,油尖旺區旺角北區議員選區,Q54074951,Yau Tsim Mong,212719.30314900001,2320.60315492000,country:hk/district:yau-tsim-mong/constituency:mong-kok-north,country:hk/district:yau-tsim-mong
266,173,Q16,Tsui Lam,翠林,843650.10285008,820231.81264784,西貢區,西貢區翠林區議員選區,Q54075119,Sai Kung,333850.10231400002,3017.17603280000,country:hk/district:sai-kung/constituency:tsui-lam,country:hk/district:sai-kung
265,172,G11,Sung Wong Toi,宋皇臺,839029.13371614,819779.20105410,九龍城區,九龍城區宋皇臺區議員選區,Q54084614,Kowloon City,189466.61856000000,2454.62242529000,country:hk/district:kowloon-city/constituency:sung-wong-toi,country:hk/district:kowloon-city
330,113,E19,Jordan North,佐敦北,835697.88450000,818654.19577037,油尖旺區,油尖旺區佐敦北區議員選區,Q54075020,Yau Tsim Mong,155966.47094900001,1621.32811355000,country:hk/district:yau-tsim-mong/constituency:jordan-north,country:hk/district:yau-tsim-mong
328,111,Q10,Choi Kin,彩健,844173.84899700,818644.86751885,西貢區,西貢區彩健區議員選區,Q54075109,Sai Kung,157711.86183800001,1950.22436942000,country:hk/district:sai-kung/constituency:choi-kin,country:hk/district:sai-kung
326,106,G18,Whampoa East,黃埔東,838405.87556575,818193.90792651,九龍城區,九龍城區黃埔東區議員選區,Q54084649,Kowloon City,2172407.21282000002,7500.87898873000,country:hk/district:kowloon-city/constituency:whampoa-east,country:hk/district:kowloon-city
325,109,J25,Laguna City,麗港城,841170.78256474,818255.36651540,觀塘區,觀塘區麗港城區議員選區,Q54085647,Kwun Tong,944334.26209600002,4839.30472785000,country:hk/district:kwun-tong/constituency:laguna-city,country:hk/district:kwun-tong
324,116,E03,Jordan West,佐敦西,835040.45320088,818790.26752126,油尖旺區,油尖旺區佐敦西區議員選區,Q54074884,Yau Tsim Mong,330723.52460300003,2735.32709339000,country:hk/district:yau-tsim-mong/constituency:jordan-west,country:hk/district:yau-tsim-mong
320,119,G22,Ka Wai,家維,837264.20285294,818919.67521723,九龍城區,九龍城區家維區議員選區,Q54084534,Kowloon City,195666.30409500000,2868.45778488000,country:hk/district:kowloon-city/constituency:ka-wai,country:hk/district:kowloon-city
319,127,Q24,Sheung Tak,尚德,844654.72621508,819119.28247018,西貢區,西貢區尚德區議員選區,Q54075160,Sai Kung,85880.88102540000,1711.38898451000,country:hk/district:sai-kung/constituency:sheung-tak,country:hk/district:sai-kung
318,124,J17,Lam Tin,藍田,842354.00536025,818997.46979515,觀塘區,觀塘區藍田區議員選區,Q54085775,Kwun Tong,165281.00628199999,1807.41137641000,country:hk/district:kwun-tong/constituency:lam-tin,country:hk/district:kwun-tong
317,125,E04,Yau Ma Tei South,油麻地南,835210.03476042,819115.15091208,油尖旺區,油尖旺區油麻地南區議員選區,Q54074773,Yau Tsim Mong,455225.09647799999,3352.68482347000,country:hk/district:yau-tsim-mong/constituency:yau-ma-tei-south,country:hk/district:yau-tsim-mong
315,120,J16,Hing Tin,興田,842624.71331339,819226.24149173,觀塘區,觀塘區興田區議員選區,Q54085670,Kwun Tong,102125.13106200000,2020.24861791000,country:hk/district:kwun-tong/constituency:hing-tin,country:hk/district:kwun-tong
172,269,S02,Kwai Shing East Estate,葵盛東邨,831206.37294973,824993.02853095,葵青區,葵青區葵盛東邨區議員選區,Q54084433,Kwai Tsing,110375.84179500000,2058.23111992000,country:hk/district:kwai-tsing/constituency:kwai-shing-east-estate,country:hk/district:kwai-tsing
169,259,S18,Kwai Shing West Estate,葵盛西邨,830172.31810930,824266.01869530,葵青區,葵青區葵盛西邨區議員選區,Q54084291,Kwai Tsing,1846700.57401999994,6858.26196048000,country:hk/district:kwai-tsing/constituency:kwai-shing-west-estate,country:hk/district:kwai-tsing
168,271,R16,Keng Hau,徑口,836000.02126299,824995.58891469,沙田區,沙田區徑口區議員選區,Q54086331,Sha Tin,460430.80852299999,3234.49448576000,country:hk/district:sha-tin/constituency:keng-hau,country:hk/district:sha-tin
170,263,S12,Kwai Fong,葵芳,831710.35149101,824718.88819174,葵青區,葵青區葵芳區議員選區,Q54084333,Kwai Tsing,461310.13130200002,3526.24394843000,country:hk/district:kwai-tsing/constituency:kwai-fong,country:hk/district:kwai-tsing
165,273,S01,Kwai Hing,葵興,831523.74286381,825230.01549772,葵青區,葵青區葵興區議員選區,Q54084443,Kwai Tsing,163477.05759600000,2293.80433396000,country:hk/district:kwai-tsing/constituency:kwai-hing,country:hk/district:kwai-tsing
163,266,S09,Shek Lei South,石籬南,832611.75672757,824919.66865182,葵青區,葵青區石籬南區議員選區,Q54084440,Kwai Tsing,658066.58371200005,4617.26976755000,country:hk/district:kwai-tsing/constituency:shek-lei-south,country:hk/district:kwai-tsing
162,274,K02,Yeung Uk Road,楊屋道,830262.32413904,825295.16493963,荃灣區,荃灣區楊屋道區議員選區,Q54076057,Tsuen Wan,392187.70005400002,3197.25373271000,country:hk/district:tsuen-wan/constituency:yeung-uk-road,country:hk/district:tsuen-wan
158,279,S11,Tai Pak Tin,大白田,832190.99868021,825386.01174030,葵青區,葵青區大白田區議員選區,Q54084390,Kwai Tsing,257832.48445799999,2253.41795000000,country:hk/district:kwai-tsing/constituency:tai-pak-tin,country:hk/district:kwai-tsing
157,272,R17,Tin Sum,田心,836427.11692211,825409.60409853,沙田區,沙田區田心區議員選區,Q54086298,Sha Tin,185344.57637100000,2508.08455313000,country:hk/district:sha-tin/constituency:tin-sum,country:hk/district:sha-tin
156,288,K01,Tak Wah,德華,830024.89661668,825600.13956123,荃灣區,荃灣區德華區議員選區,Q54076163,Tsuen Wan,268892.07091299997,2698.20357217000,country:hk/district:tsuen-wan/constituency:tak-wah,country:hk/district:tsuen-wan
173,268,K03,Hoi Bun,海濱,829658.81413097,824916.39576508,荃灣區,荃灣區海濱區議員選區,Q54076095,Tsuen Wan,226509.21100499999,1978.48255876000,country:hk/district:tsuen-wan/constituency:hoi-bun,country:hk/district:tsuen-wan
167,278,S03,Upper Tai Wo Hau,上大窩口,830719.95172528,825318.60433931,葵青區,葵青區上大窩口區議員選區,Q54084132,Kwai Tsing,84403.83239770000,1218.70903843000,country:hk/district:kwai-tsing/constituency:upper-tai-wo-hau,country:hk/district:kwai-tsing
164,276,S10,Shek Lei Norh,石籬北,832528.17722953,825281.55492440,葵青區,葵青區石籬北區議員選區,Q54084171,Kwai Tsing,112631.50836900000,1441.08393789000,country:hk/district:kwai-tsing/constituency:shek-lei-norh,country:hk/district:kwai-tsing
161,280,S04,Lower Tai Wo Hau,下大窩口,830877.13850594,825519.85421668,葵青區,葵青區下大窩口區議員選區,Q54084438,Kwai Tsing,89642.26063080000,1584.98772584000,country:hk/district:kwai-tsing/constituency:lower-tai-wo-hau,country:hk/district:kwai-tsing
151,291,R18,Chui Ka,翠嘉,836592.41097931,825898.27138086,沙田區,沙田區翠嘉區議員選區,Q54086289,Sha Tin,222003.66691599999,2269.09989706000,country:hk/district:sha-tin/constituency:chui-ka,country:hk/district:sha-tin
150,284,K11,Tsuen Wan West,荃灣西,825589.21776627,826396.54140458,荃灣區,荃灣區荃灣西區議員選區,Q54075999,Tsuen Wan,1475940.97601000010,7271.60200212000,country:hk/district:tsuen-wan/constituency:tsuen-wan-west,country:hk/district:tsuen-wan
137,308,R07,Sha Kok,沙角,838073.66777832,826606.78177125,沙田區,沙田區沙角區議員選區,Q54086279,Sha Tin,124531.85015600000,1407.24824871000,country:hk/district:sha-tin/constituency:sha-kok,country:hk/district:sha-tin
232,205,G12,Kai Tak North,啟德北,839029.13371614,819779.20105410,九龍城區,九龍城區啟德北區議員選區,Q54084526,Kowloon City,267393.32427600003,2207.31451271000,country:hk/district:kowloon-city/constituency:kai-tak-north,country:hk/district:kowloon-city
231,210,F16,Lai Chi Kok Central,荔枝角中,833297.39148564,822062.84890656,深水埗區,深水埗區荔枝角中區議員選區,Q54083568,Sham Shui Po,91004.76799900000,1623.80559957000,country:hk/district:sham-shui-po/constituency:lai-chi-kok-central,country:hk/district:sham-shui-po
230,204,H08,Tung Tau,東頭,838020.31314989,821551.44036107,黃大仙區,黃大仙區東頭區議員選區,Q54076568,Wong Tai Sin,245713.47792800001,2664.07363317000,country:hk/district:wong-tai-sin/constituency:tung-tau,country:hk/district:wong-tai-sin
228,200,F22,"Nam Shan, Tai Hang Tung & Tai Hang Sai",南山、大坑東及大坑西,835554.34794873,821343.36802168,深水埗區,深水埗區南山、大坑東及大坑西區議員選區,Q54083686,Sham Shui Po,426447.78257699998,3735.03696753000,"country:hk/district:sham-shui-po/constituency:nam-shan,-tai-hang-tung-and-tai-hang-sai",country:hk/district:sham-shui-po
224,219,F14,Mei Foo Central,美孚中,832226.49055994,821931.18567459,深水埗區,深水埗區美孚中區議員選區,Q54083589,Sham Shui Po,173220.79036600000,2327.48291722000,country:hk/district:sham-shui-po/constituency:mei-foo-central,country:hk/district:sham-shui-po
223,216,H09,Tung Mei,東美,837738.90202293,821808.04141187,黃大仙區,黃大仙區東美區議員選區,Q54076693,Wong Tai Sin,243879.29490199999,3098.20707446000,country:hk/district:wong-tai-sin/constituency:tung-mei,country:hk/district:wong-tai-sin
240,163,J11,Po Tat,寶達,842179.91622484,820400.40164168,觀塘區,觀塘區寶達區議員選區,Q54085166,Kwun Tong,864603.69706599996,7293.94931482000,country:hk/district:kwun-tong/constituency:po-tat,country:hk/district:kwun-tong
236,201,F10,Lai Kok,麗閣,834349.11662166,821452.16751298,深水埗區,深水埗區麗閣區議員選區,Q54083537,Sham Shui Po,145847.36953600001,1570.59872266000,country:hk/district:sham-shui-po/constituency:lai-kok,country:hk/district:sham-shui-po
332,112,J19,Ping Tin,平田,842353.53986984,818622.32693992,觀塘區,觀塘區平田區議員選區,Q54085225,Kwun Tong,111931.05257800000,1522.66038133000,country:hk/district:kwun-tong/constituency:ping-tin,country:hk/district:kwun-tong
354,83,A12,Sheung Wan,上環,833344.08173308,816987.13597841,中西區,中西區上環區議員選區,Q54086364,Central & Western,934523.63226999994,4225.19902419000,country:hk/district:central-and-western/constituency:sheung-wan,country:hk/district:central-and-western
353,88,A11,Sai Ying Pun,西營盤,832665.72901284,817020.58560097,中西區,中西區西營盤區議員選區,Q7399833,Central & Western,683408.77899100003,4113.99515973000,country:hk/district:central-and-western/constituency:sai-ying-pun,country:hk/district:central-and-western
350,77,A08,Sai Wan,西環,831353.85507072,816678.13359082,中西區,中西區西環區議員選區,Q54086355,Central & Western,511207.91592200001,4621.63513925000,country:hk/district:central-and-western/constituency:sai-wan,country:hk/district:central-and-western
285,149,G04,Lok Man,樂民,837213.24682803,819779.55329676,九龍城區,九龍城區樂民區議員選區,Q54084518,Kowloon City,151061.41576900001,2607.57920997000,country:hk/district:kowloon-city/constituency:lok-man,country:hk/district:kowloon-city
282,159,J33,Upper Ngau Tau Kok Estate,牛頭角上邨,840280.66494580,820250.58358579,觀塘區,觀塘區牛頭角上邨區議員選區,Q54085401,Kwun Tong,79428.02057600000,1197.04944082000,country:hk/district:kwun-tong/constituency:upper-ngau-tau-kok-estate,country:hk/district:kwun-tong
277,169,E10,Tai Kok Tsui South,大角咀南,834796.44321478,820256.31499722,油尖旺區,油尖旺區大角咀南區議員選區,Q54074963,Yau Tsim Mong,117001.29564100000,1952.19495500000,country:hk/district:yau-tsim-mong/constituency:tai-kok-tsui-south,country:hk/district:yau-tsim-mong
273,158,Q19,Wan Hang,運亨,844627.30221914,820086.68225369,西貢區,西貢區運亨區議員選區,Q54075207,Sai Kung,253094.99451900000,2337.17108495000,country:hk/district:sai-kung/constituency:wan-hang,country:hk/district:sai-kung
264,176,J34,Lower Ngau Tau Kok Estate,牛頭角下邨,840280.66494580,820250.58358579,觀塘區,觀塘區牛頭角下邨區議員選區,Q54085731,Kwun Tong,220200.84125200001,3183.81195214000,country:hk/district:kwun-tong/constituency:lower-ngau-tau-kok-estate,country:hk/district:kwun-tong
321,117,J26,King Tin,景田,842059.12942594,818856.60012197,觀塘區,觀塘區景田區議員選區,Q54085341,Kwun Tong,168400.29677200000,2392.62920776000,country:hk/district:kwun-tong/constituency:king-tin,country:hk/district:kwun-tong
311,132,G24,Oi Chun,愛俊,836481.24962169,819377.70957174,九龍城區,九龍城區愛俊區議員選區,Q54084607,Kowloon City,92207.25661850000,1462.89391339000,country:hk/district:kowloon-city/constituency:oi-chun,country:hk/district:kowloon-city
303,144,J14,Sau Mau Ping South,秀茂坪南,842197.91037274,819817.75271631,觀塘區,觀塘區秀茂坪南區議員選區,Q54085303,Kwun Tong,79770.99716740000,1475.00983418000,country:hk/district:kwun-tong/constituency:sau-mau-ping-south,country:hk/district:kwun-tong
296,147,E07,Fu Pak,富柏,834863.61336231,819725.92835141,油尖旺區,油尖旺區富柏區議員選區,Q54074990,Yau Tsim Mong,225229.79841900000,2249.00528719000,country:hk/district:yau-tsim-mong/constituency:fu-pak,country:hk/district:yau-tsim-mong
425,13,D03,Ap Lei Chau North,鴨脷洲北,834144.33780870,811715.32412719,南區,南區鴨脷洲北區議員選區,Q54084742,Southern,153252.52318100000,2066.20755832000,country:hk/district:southern/constituency:ap-lei-chau-north,country:hk/district:southern
221,218,H07,San Po Kong,新蒲崗,838532.63745020,821931.11538970,黃大仙區,黃大仙區新蒲崗區議員選區,Q54076455,Wong Tai Sin,416018.07530700002,2865.13998346000,country:hk/district:wong-tai-sin/constituency:san-po-kong,country:hk/district:wong-tai-sin
219,217,H23,Choi Wan West,彩雲西,840020.33513617,821882.58299958,黃大仙區,黃大仙區彩雲西區議員選區,Q54076504,Wong Tai Sin,178972.04527599999,2172.88623755000,country:hk/district:wong-tai-sin/constituency:choi-wan-west,country:hk/district:wong-tai-sin
218,221,H10,Lok Fu,樂富,837390.69362824,822022.68426498,黃大仙區,黃大仙區樂富區議員選區,Q54076820,Wong Tai Sin,175553.49822099999,2008.74995786000,country:hk/district:wong-tai-sin/constituency:lok-fu,country:hk/district:wong-tai-sin
212,230,F15,Mei Foo North,美孚北,832312.73872525,822184.72680966,深水埗區,深水埗區美孚北區議員選區,Q54083704,Sham Shui Po,439579.05674799997,3864.04344137000,country:hk/district:sham-shui-po/constituency:mei-foo-north,country:hk/district:sham-shui-po
210,229,F19,Lei Cheng Uk,李鄭屋,834536.82374463,822274.43583340,深水埗區,深水埗區李鄭屋區議員選區,Q54083551,Sham Shui Po,211597.03093000001,2052.76644116000,country:hk/district:sham-shui-po/constituency:lei-cheng-uk,country:hk/district:sham-shui-po
149,295,R10,Chun Fung,秦豐,837330.01193381,826048.64545088,沙田區,沙田區秦豐區議員選區,Q54086286,Sha Tin,230137.11516500000,2418.12337722000,country:hk/district:sha-tin/constituency:chun-fung,country:hk/district:sha-tin
148,294,S07,Shek Yam,石蔭,832208.67331642,825826.90658619,葵青區,葵青區石蔭區議員選區,Q54084437,Kwai Tsing,293592.65234400000,3838.51833065000,country:hk/district:kwai-tsing/constituency:shek-yam,country:hk/district:kwai-tsing
147,292,L16,Siu Hei,兆禧,814841.59792440,825985.19405220,屯門區,屯門區兆禧區議員選區,Q54084471,Tuen Mun,152220.28171200000,2714.02390690000,country:hk/district:tuen-mun/constituency:siu-hei,country:hk/district:tuen-mun
142,301,L15,Yuet Wu,悅湖,814795.37241748,826299.50398638,屯門區,屯門區悅湖區議員選區,Q54084490,Tuen Mun,157439.05301300000,1986.76543436000,country:hk/district:tuen-mun/constituency:yuet-wu,country:hk/district:tuen-mun
140,305,K07,Tsuen Wan Centre,荃灣中心,829182.54274422,826436.54189504,荃灣區,荃灣區荃灣中心區議員選區,Q54075962,Tsuen Wan,141495.61985200000,1873.03320154000,country:hk/district:tsuen-wan/constituency:tsuen-wan-centre,country:hk/district:tsuen-wan
138,304,R19,Tai Wai,大圍,836263.98924750,826459.72783909,沙田區,沙田區大圍區議員選區,Q54086281,Sha Tin,275314.18140200002,2252.36021904000,country:hk/district:sha-tin/constituency:tai-wai,country:hk/district:sha-tin
135,290,K15,Lei Muk Shue East,梨木樹東,831628.32760274,826067.59481344,荃灣區,荃灣區梨木樹東區議員選區,Q54076076,Tsuen Wan,680855.51341300004,5852.41432058000,country:hk/district:tsuen-wan/constituency:lei-muk-shue-east,country:hk/district:tsuen-wan
133,313,R38,Kwong Yuen,廣源,840187.01215316,826881.24568803,沙田區,沙田區廣源區議員選區,Q54086341,Sha Tin,89493.99919100000,1661.77487251000,country:hk/district:sha-tin/constituency:kwong-yuen,country:hk/district:sha-tin
122,323,L04,On Ting,安定,815701.84225301,827485.12146212,屯門區,屯門區安定區議員選區,Q54084453,Tuen Mun,166502.32828200000,2307.81113076000,country:hk/district:tuen-mun/constituency:on-ting,country:hk/district:tuen-mun
113,328,R36,Bik Woo,碧湖,839506.22572669,827858.57993449,沙田區,沙田區碧湖區議員選區,Q54086319,Sha Tin,660077.01656699996,3746.38007505000,country:hk/district:sha-tin/constituency:bik-woo,country:hk/district:sha-tin
108,330,R21,Sui Wo,穗禾,836795.73695043,828308.40108023,沙田區,沙田區穗禾區議員選區,Q54086291,Sha Tin,2208973.70985000022,10920.75052970000,country:hk/district:sha-tin/constituency:sui-wo,country:hk/district:sha-tin
107,277,K10,Ting Sham,汀深,825589.21776627,826396.54140458,荃灣區,荃灣區汀深區議員選區,Q54076113,Tsuen Wan,9879764.69421000034,24808.10464930000,country:hk/district:tsuen-wan/constituency:ting-sham,country:hk/district:tsuen-wan
103,282,R35,Yu Yan,愉欣,840976.91347480,826671.56425021,沙田區,沙田區愉欣區議員選區,Q54086318,Sha Tin,11063717.06599999964,25498.21804980000,country:hk/district:sha-tin/constituency:yu-yan,country:hk/district:sha-tin
100,260,L12,Sam Shing,三聖,818596.33254100,825035.53473709,屯門區,屯門區三聖區議員選區,Q54084487,Tuen Mun,48419877.35620000213,52904.55109110000,country:hk/district:tuen-mun/constituency:sam-shing,country:hk/district:tuen-mun
96,331,K08,Allway,荃威,830072.81710448,828254.20745020,荃灣區,荃灣區荃威區議員選區,Q54076246,Tsuen Wan,8185228.59319000039,20882.27580740000,country:hk/district:tsuen-wan/constituency:allway,country:hk/district:tsuen-wan
95,335,L27,Prime View,景峰,816113.65430112,829905.41497609,屯門區,屯門區景峰區議員選區,Q54084488,Tuen Mun,643668.25918199995,5166.56927583000,country:hk/district:tuen-mun/constituency:prime-view,country:hk/district:tuen-mun
92,333,K17,Shek Wai Kok,石圍角,833046.96209970,828806.49945131,荃灣區,荃灣區石圍角區議員選區,Q54076127,Tsuen Wan,14047556.35789999925,24301.48452530000,country:hk/district:tsuen-wan/constituency:shek-wai-kok,country:hk/district:tsuen-wan
91,339,L11,San Hui,新墟,817842.19903505,828976.79392753,屯門區,屯門區新墟區議員選區,Q54084486,Tuen Mun,10734843.71939999983,22818.44827560000,country:hk/district:tuen-mun/constituency:san-hui,country:hk/district:tuen-mun
89,345,R22,Fo Tan,火炭,837509.13814865,829601.91625137,沙田區,沙田區火炭區議員選區,Q54086288,Sha Tin,9084241.18693999946,19916.82101330000,country:hk/district:sha-tin/constituency:fo-tan,country:hk/district:sha-tin
87,354,R31,Yiu On,耀安,841843.38577045,831138.76994469,沙田區,沙田區耀安區議員選區,Q54086321,Sha Tin,110530.27220799999,1312.57062989000,country:hk/district:sha-tin/constituency:yiu-on,country:hk/district:sha-tin
85,340,R34,Tai Shui Hang,大水坑,842768.69416145,829467.44745538,沙田區,沙田區大水坑區議員選區,Q54086330,Sha Tin,9290230.46317999996,13889.65343400000,country:hk/district:sha-tin/constituency:tai-shui-hang,country:hk/district:sha-tin
80,298,L19,Lok Tsui,樂翠,809065.64680173,826024.29742499,屯門區,屯門區樂翠區議員選區,Q54084461,Tuen Mun,102015413.06900000572,46209.41783000000,country:hk/district:tuen-mun/constituency:lok-tsui,country:hk/district:tuen-mun
79,352,L29,Tuen Mun Rural,屯門鄉郊,816890.51524228,831327.69764828,屯門區,屯門區屯門鄉郊區議員選區,Q54084485,Tuen Mun,4040759.74323000014,14304.14960270000,country:hk/district:tuen-mun/constituency:tuen-mun-rural,country:hk/district:tuen-mun
78,358,L24,Po Tin,寶田,813496.00244524,831205.60419262,屯門區,屯門區寶田區議員選區,Q54084477,Tuen Mun,9875148.45081000030,18625.68885530000,country:hk/district:tuen-mun/constituency:po-tin,country:hk/district:tuen-mun
77,355,M10,Shap Pat Heung West,十八鄉西,821478.30805136,830987.32109014,元朗區,元朗區十八鄉西區議員選區,Q54086255,Yuen Long,7655040.37511999998,13453.96448510000,country:hk/district:yuen-long/constituency:shap-pat-heung-west,country:hk/district:yuen-long
74,350,R23,Chun Ma,駿馬,839980.03331653,831064.65735663,沙田區,沙田區駿馬區議員選區,Q54086280,Sha Tin,5950855.89895000029,15380.91440500000,country:hk/district:sha-tin/constituency:chun-ma,country:hk/district:sha-tin
72,366,M09,Shap Pat Heung Central,十八鄉中,821478.30805136,830987.32109014,元朗區,元朗區十八鄉中區議員選區,Q54086253,Yuen Long,927369.69420499995,5798.22475023000,country:hk/district:yuen-long/constituency:shap-pat-heung-central,country:hk/district:yuen-long
70,361,M11,Ping Shan South,屏山南,818979.71044097,832415.01033270,元朗區,元朗區屏山南區議員選區,Q54086263,Yuen Long,5073034.21944000013,11193.73491310000,country:hk/district:yuen-long/constituency:ping-shan-south,country:hk/district:yuen-long
65,362,P10,Tai Po Kau,大埔滘,836167.74646037,832262.42266085,大埔區,大埔區大埔滘區議員選區,Q54084830,Tai Po,20481636.99170000106,27168.58625470000,country:hk/district:tai-po/constituency:tai-po-kau,country:hk/district:tai-po
63,372,P09,Wang Fuk,宏福,836496.02880249,833861.57895220,大埔區,大埔區宏福區議員選區,Q54084841,Tai Po,355787.40497500001,4609.76354133000,country:hk/district:tai-po/constituency:wang-fuk,country:hk/district:tai-po
57,382,M28,Tin Yiu,天耀,818463.73270675,834593.46002480,元朗區,元朗區天耀區議員選區,Q54086254,Yuen Long,97623.26873500001,1275.31488080000,country:hk/district:yuen-long/constituency:tin-yiu,country:hk/district:yuen-long
48,394,M26,Tsz Yau,慈祐,818463.73270675,834593.46002480,元朗區,元朗區慈祐區議員選區,Q54086225,Yuen Long,154111.32301600001,2127.37646178000,country:hk/district:yuen-long/constituency:tsz-yau,country:hk/district:yuen-long
45,364,M08,Shap Pat Heung East,十八鄉東,821478.30805136,830987.32109014,元朗區,元朗區十八鄉東區議員選區,Q54086238,Yuen Long,9081266.50036000088,19710.61871980000,country:hk/district:yuen-long/constituency:shap-pat-heung-east,country:hk/district:yuen-long
37,386,M12,Ping Shan Central,屏山中,818979.71044097,832415.01033270,元朗區,元朗區屏山中區議員選區,Q54086239,Yuen Long,4398182.98790000007,12535.49142960000,country:hk/district:yuen-long/constituency:ping-shan-central,country:hk/district:yuen-long
36,374,M33,Kam Tin,錦田,824305.05034077,834173.94327981,元朗區,元朗區錦田區議員選區,Q54086234,Yuen Long,9011781.69531000033,16422.24165830000,country:hk/district:yuen-long/constituency:kam-tin,country:hk/district:yuen-long
225,214,F20,Ha Pak Tin,下白田,835251.74615906,821886.39135617,深水埗區,深水埗區下白田區議員選區,Q54083520,Sham Shui Po,151616.14106500000,1676.26015364000,country:hk/district:sham-shui-po/constituency:ha-pak-tin,country:hk/district:sham-shui-po
220,215,F01,Po Lai,寶麗,834347.31155636,821949.76200750,深水埗區,深水埗區寶麗區議員選區,Q54083645,Sham Shui Po,150715.94629200001,1874.61005859000,country:hk/district:sham-shui-po/constituency:po-lai,country:hk/district:sham-shui-po
217,227,H02,Lung Ha,龍下,838116.29031953,822217.70007727,黃大仙區,黃大仙區龍下區議員選區,Q54076623,Wong Tai Sin,64570.12350350000,1158.94689250000,country:hk/district:wong-tai-sin/constituency:lung-ha,country:hk/district:wong-tai-sin
208,228,F21,Yau Yat Tsuen,又一村,835798.89068674,821882.12011734,深水埗區,深水埗區又一村區議員選區,Q54083608,Sham Shui Po,965801.85487899999,5775.12086339000,country:hk/district:sham-shui-po/constituency:yau-yat-tsuen,country:hk/district:sham-shui-po
206,123,Q05,Hang Hau West,坑口西,843420.94214329,821089.97870274,西貢區,西貢區坑口西區議員選區,Q54075091,Sai Kung,9879649.95391999930,24303.64302210000,country:hk/district:sai-kung/constituency:hang-hau-west,country:hk/district:sai-kung
200,236,F23,Lung Ping & Sheung Pak Tin,龍坪及上白田,834624.22794793,822687.94469279,深水埗區,深水埗區龍坪及上白田區議員選區,Q54083265,Sham Shui Po,1593046.89855999989,9733.08149248000,country:hk/district:sham-shui-po/constituency:lung-ping-and-sheung-pak-tin,country:hk/district:sham-shui-po
195,6,Q04,Hang Hau East,坑口東,857770.85231742,810340.17766539,西貢區,西貢區坑口東區議員選區,Q54075252,Sai Kung,388916238.60199999809,93152.07619260000,country:hk/district:sai-kung/constituency:hang-hau-east,country:hk/district:sai-kung
183,247,S14,Lai Wah,荔華,832511.60099825,823085.15656229,葵青區,葵青區荔華區議員選區,Q54084193,Kwai Tsing,1463492.12846000004,8495.32288522000,country:hk/district:kwai-tsing/constituency:lai-wah,country:hk/district:kwai-tsing
182,177,S26,Tsing Yi South,青衣南,828848.24931270,820625.32187783,葵青區,葵青區青衣南區議員選區,Q54084449,Kwai Tsing,28868366.86459999904,31511.48286100000,country:hk/district:kwai-tsing/constituency:tsing-yi-south,country:hk/district:kwai-tsing
384,65,T02,Yat Tung Estate North,逸東邨北,811546.27145416,815937.23090750,離島區,離島區逸東邨北區議員選區,Q54082369,Islands,80358.56193250000,1559.19591246000,country:hk/district:islands/constituency:yat-tung-estate-north,country:hk/district:islands
373,43,B01,Hennessy,軒尼詩,836083.16238570,815652.55653092,灣仔區,灣仔區軒尼詩區議員選區,Q54084995,Wan Chai,326322.29005000001,4511.51493982000,country:hk/district:wan-chai/constituency:hennessy,country:hk/district:wan-chai
364,79,C19,Fort Street,堡壘,838427.00642773,816764.57932431,東區,東區堡壘區議員選區,Q54086075,Eastern,113507.86412499999,1577.10693837000,country:hk/district:eastern/constituency:fort-street,country:hk/district:eastern
358,87,T04,Tung Chung North,東涌北,812544.91840690,817028.59855882,離島區,離島區東涌北區議員選區,Q54082412,Islands,639007.66946600005,3661.75787428000,country:hk/district:islands/constituency:tung-chung-north,country:hk/district:islands
205,234,H12,Tin Keung,天強,837170.18542081,822547.75645338,黃大仙區,黃大仙區天強區議員選區,Q54076787,Wong Tai Sin,146427.54516000001,2143.79283418000,country:hk/district:wong-tai-sin/constituency:tin-keung,country:hk/district:wong-tai-sin
199,244,H19,Tsz Wan East,慈雲東,839050.47965623,823139.17583152,黃大仙區,黃大仙區慈雲東區議員選區,Q54076713,Wong Tai Sin,138788.62777200001,1789.91865746000,country:hk/district:wong-tai-sin/constituency:tsz-wan-east,country:hk/district:wong-tai-sin
186,254,S21,Tsing Yi Estate,青衣邨,828789.71406552,823896.10534693,葵青區,葵青區青衣邨區議員選區,Q54084447,Kwai Tsing,143690.99098400000,2196.03273143000,country:hk/district:kwai-tsing/constituency:tsing-yi-estate,country:hk/district:kwai-tsing
385,57,C27,Hing Tung,興東,840619.06466832,815797.27657538,東區,東區興東區議員選區,Q54086196,Eastern,229820.78969400001,2335.96887099000,country:hk/district:eastern/constituency:hing-tung,country:hk/district:eastern
104,338,L10,Hing Tsak,興澤,815301.35939162,829420.69251393,屯門區,屯門區興澤區議員選區,Q54084473,Tuen Mun,170117.53603300001,1957.85391153000,country:hk/district:tuen-mun/constituency:hing-tsak,country:hk/district:tuen-mun
94,347,R33,On Tai,鞍泰,840927.14138770,830345.08491293,沙田區,沙田區鞍泰區議員選區,Q54086320,Sha Tin,408691.07525800000,2804.28091678000,country:hk/district:sha-tin/constituency:on-tai,country:hk/district:sha-tin
81,357,R25,Kam To,錦濤,841288.66492513,831677.85797229,沙田區,沙田區錦濤區議員選區,Q54086303,Sha Tin,361089.24263900000,3476.93538611000,country:hk/district:sha-tin/constituency:kam-to,country:hk/district:sha-tin
67,373,M06,Yuen Lung,元龍,821709.26179757,833625.02029764,元朗區,元朗區元龍區議員選區,Q54086237,Yuen Long,287611.24409499997,2780.57501493000,country:hk/district:yuen-long/constituency:yuen-lung,country:hk/district:yuen-long
58,380,M15,Tin Shing,天盛,818160.90259757,834315.65345351,元朗區,元朗區天盛區議員選區,Q54086227,Yuen Long,203476.84290100000,1822.60089424000,country:hk/district:yuen-long/constituency:tin-shing,country:hk/district:yuen-long
56,385,P14,Po Nga,寶雅,834536.15781535,834580.38693122,大埔區,大埔區寶雅區議員選區,Q54084901,Tai Po,102262.45985800000,1347.89684963000,country:hk/district:tai-po/constituency:po-nga,country:hk/district:tai-po
53,393,M27,Yiu Yau,耀祐,818463.73270675,834593.46002480,元朗區,元朗區耀祐區議員選區,Q54086242,Yuen Long,87547.00013150000,1451.20973356000,country:hk/district:yuen-long/constituency:yiu-yau,country:hk/district:yuen-long
42,400,M17,Shui Wah,瑞華,817623.93304578,835476.67751701,元朗區,元朗區瑞華區議員選區,Q54086269,Yuen Long,186005.58520900001,1864.14262200000,country:hk/district:yuen-long/constituency:shui-wah,country:hk/district:yuen-long
337,98,E18,Tsim Sha Tsui Central,尖沙咀中,835609.42881226,818067.64432419,油尖旺區,油尖旺區尖沙咀中區議員選區,Q54075003,Yau Tsim Mong,553244.11029500002,3616.00494665000,country:hk/district:yau-tsim-mong/constituency:tsim-sha-tsui-central,country:hk/district:yau-tsim-mong
233,168,F12,Lai Chi Kok South,荔枝角南,832646.72008370,820311.99900485,深水埗區,深水埗區荔枝角南區議員選區,Q54083370,Sham Shui Po,3012428.83354000002,8616.65804031000,country:hk/district:sham-shui-po/constituency:lai-chi-kok-south,country:hk/district:sham-shui-po
227,213,H25,Choi Hung,彩虹,839235.70114994,821857.62335155,黃大仙區,黃大仙區彩虹區議員選區,Q54076732,Wong Tai Sin,92467.51503640000,1335.37341325000,country:hk/district:wong-tai-sin/constituency:choi-hung,country:hk/district:wong-tai-sin
211,231,H11,Wang Tau Hom,橫頭磡,837375.86041480,822427.81095505,黃大仙區,黃大仙區橫頭磡區議員選區,Q54076606,Wong Tai Sin,133385.35517000000,1589.67779394000,country:hk/district:wong-tai-sin/constituency:wang-tau-hom,country:hk/district:wong-tai-sin
209,223,F18,Un Chau & So Uk,元州及蘇屋,834067.30887527,822328.64497149,深水埗區,深水埗區元州及蘇屋區議員選區,Q54083311,Sham Shui Po,263080.95214600000,3235.50039820000,country:hk/district:sham-shui-po/constituency:un-chau-and-so-uk,country:hk/district:sham-shui-po
203,237,H05,Fung Tak,鳳德,838750.54163868,822813.29524268,黃大仙區,黃大仙區鳳德區議員選區,Q54076748,Wong Tai Sin,111076.97284700000,1420.56682226000,country:hk/district:wong-tai-sin/constituency:fung-tak,country:hk/district:wong-tai-sin
196,243,H15,Chuk Yuen North,竹園北,837894.41178972,823164.93501492,黃大仙區,黃大仙區竹園北區議員選區,Q54076522,Wong Tai Sin,261514.82880900000,2426.39927533000,country:hk/district:wong-tai-sin/constituency:chuk-yuen-north,country:hk/district:wong-tai-sin
190,248,S25,Shing Hong,盛康,828365.22379295,823438.19724893,葵青區,葵青區盛康區議員選區,Q54084213,Kwai Tsing,90384.29746200000,1884.71038092000,country:hk/district:kwai-tsing/constituency:shing-hong,country:hk/district:kwai-tsing
181,258,S20,Wai Ying,偉盈,829016.80761658,824216.91791925,葵青區,葵青區偉盈區議員選區,Q54084435,Kwai Tsing,426003.27236399997,3053.72121406000,country:hk/district:kwai-tsing/constituency:wai-ying,country:hk/district:kwai-tsing
383,62,C25,Kornhill,康怡,840267.54521305,815868.29243468,東區,東區康怡區議員選區,Q54086218,Eastern,105741.95865499999,1813.40185569000,country:hk/district:eastern/constituency:kornhill,country:hk/district:eastern
382,58,C28,Sai Wan Ho,西灣河,841046.53272137,815871.00580061,東區,東區西灣河區議員選區,Q54086209,Eastern,190375.35234000001,2826.90561918000,country:hk/district:eastern/constituency:sai-wan-ho,country:hk/district:eastern
381,63,C24,Nam Fung,南豐,840062.31490119,815950.37216480,東區,東區南豐區議員選區,Q54086192,Eastern,65750.88653500000,1483.47055361000,country:hk/district:eastern/constituency:nam-fung,country:hk/district:eastern
379,69,C26,Kornhill Garden,康山,840319.73886109,816166.00782093,東區,東區康山區議員選區,Q54086195,Eastern,110404.73725799999,1794.78469664000,country:hk/district:eastern/constituency:kornhill-garden,country:hk/district:eastern
377,50,B05,Tin Hau,天后,838027.59807164,815900.71505214,灣仔區,灣仔區天后區議員選區,Q54085019,Wan Chai,160171.59337200000,3176.29881641000,country:hk/district:wan-chai/constituency:tin-hau,country:hk/district:wan-chai
376,70,A15,Water Street,水街,832251.26466970,816263.39117801,中西區,中西區水街區議員選區,Q54086348,Central & Western,150016.54067100000,2035.28408567000,country:hk/district:central-and-western/constituency:water-street,country:hk/district:central-and-western
372,39,B12,Southorn,修頓,835622.22898649,815169.44154827,灣仔區,灣仔區修頓區議員選區,Q54085056,Wan Chai,912627.84443199995,7063.01326240000,country:hk/district:wan-chai/constituency:southorn,country:hk/district:wan-chai
371,42,B02,Oi Kwan,愛群,836344.09980253,815603.84363624,灣仔區,灣仔區愛群區議員選區,Q54084988,Wan Chai,367454.00960900000,4472.89759109000,country:hk/district:wan-chai/constituency:oi-kwan,country:hk/district:wan-chai
367,64,B13,Tai Fat Hau,大佛口,835518.16471649,816002.98289909,灣仔區,灣仔區大佛口區議員選區,Q54085006,Wan Chai,728656.03769000003,5003.81447276000,country:hk/district:wan-chai/constituency:tai-fat-hau,country:hk/district:wan-chai
366,67,B03,Canal Road,鵝頸,836568.00652014,816148.18645360,灣仔區,灣仔區鵝頸區議員選區,Q54085065,Wan Chai,677411.13049000001,4641.22982353000,country:hk/district:wan-chai/constituency:canal-road,country:hk/district:wan-chai
363,78,C21,Tanner,丹拿,838985.43053773,816749.31682250,東區,東區丹拿區議員選區,Q54085838,Eastern,140330.99381099999,1926.57300980000,country:hk/district:eastern/constituency:tanner,country:hk/district:eastern
361,74,B04,Victoria Park,維園,837260.45911512,816401.75318139,灣仔區,灣仔區維園區議員選區,Q54085047,Wan Chai,1148827.61531000002,4895.18119564000,country:hk/district:wan-chai/constituency:victoria-park,country:hk/district:wan-chai
359,22,T07,Peng Chau & Hei Ling Chau,坪洲及喜靈洲,824108.00370745,814139.42995339,離島區,離島區坪洲及喜靈洲區議員選區,Q54082531,Islands,45457070.78679999709,37540.08788360000,country:hk/district:islands/constituency:peng-chau-and-hei-ling-chau,country:hk/district:islands
249,185,J08,Shun Tin,順天,841027.41715560,820870.52868951,觀塘區,觀塘區順天區議員選區,Q54085202,Kwun Tong,661007.61159099999,4417.47555823000,country:hk/district:kwun-tong/constituency:shun-tin,country:hk/district:kwun-tong
248,192,J10,On Lee,安利,841340.41666769,821148.52082456,觀塘區,觀塘區安利區議員選區,Q54085284,Kwun Tong,93638.19568400001,1600.21428608000,country:hk/district:kwun-tong/constituency:on-lee,country:hk/district:kwun-tong
246,194,F05,Nam Cheong East,南昌東,835185.73246635,821470.37178766,深水埗區,深水埗區南昌東區議員選區,Q54083288,Sham Shui Po,144068.29396700001,1976.61471688000,country:hk/district:sham-shui-po/constituency:nam-cheong-east,country:hk/district:sham-shui-po
245,191,J03,Kai Yip,啟業,839607.56757142,820998.26731917,觀塘區,觀塘區啟業區議員選區,Q54085123,Kwun Tong,414130.52106800000,3765.87363056000,country:hk/district:kwun-tong/constituency:kai-yip,country:hk/district:kwun-tong
244,197,J06,Sheung Choi,雙彩,840253.38106165,821270.92427271,觀塘區,觀塘區雙彩區議員選區,Q54085183,Kwun Tong,295982.67501399998,3281.29860414000,country:hk/district:kwun-tong/constituency:sheung-choi,country:hk/district:kwun-tong
207,225,H03,Lung Sheung,龍上,837803.20702332,822447.98958426,黃大仙區,黃大仙區龍上區議員選區,Q54076469,Wong Tai Sin,321483.69351900002,3415.96095689000,country:hk/district:wong-tai-sin/constituency:lung-sheung,country:hk/district:wong-tai-sin
204,239,H14,Chuk Yuen South,竹園南,837782.24813341,822809.16238871,黃大仙區,黃大仙區竹園南區議員選區,Q54076875,Wong Tai Sin,134684.60900699999,2203.99337907000,country:hk/district:wong-tai-sin/constituency:chuk-yuen-south,country:hk/district:wong-tai-sin
202,233,H06,Lung Sing,龍星,838995.68238131,822504.14895657,黃大仙區,黃大仙區龍星區議員選區,Q54076535,Wong Tai Sin,662138.63929500000,4449.45859606000,country:hk/district:wong-tai-sin/constituency:lung-sing,country:hk/district:wong-tai-sin
201,235,H04,Fung Wong,鳳凰,838379.30731664,822821.16483671,黃大仙區,黃大仙區鳳凰區議員選區,Q54076839,Wong Tai Sin,182455.89868300001,1950.07051371000,country:hk/district:wong-tai-sin/constituency:fung-wong,country:hk/district:wong-tai-sin
198,226,G09,Kowloon Tong,九龍塘,836564.87262128,822224.01695479,九龍城區,九龍城區九龍塘區議員選區,Q54084549,Kowloon City,2037595.26844000001,7292.09749937000,country:hk/district:kowloon-city/constituency:kowloon-tong,country:hk/district:kowloon-city
197,238,H20,King Fu,瓊富,840163.78986171,822868.75638883,黃大仙區,黃大仙區瓊富區議員選區,Q54076550,Wong Tai Sin,1622865.75288999989,5829.00091458000,country:hk/district:wong-tai-sin/constituency:king-fu,country:hk/district:wong-tai-sin
194,245,H16,Tsz Wan West,慈雲西,838441.45889136,823215.86858767,黃大仙區,黃大仙區慈雲西區議員選區,Q54076646,Wong Tai Sin,174563.74505400000,2010.66841471000,country:hk/district:wong-tai-sin/constituency:tsz-wan-west,country:hk/district:wong-tai-sin
193,242,H13,Tsui Chuk & Pang Ching,翠竹及鵬程,837163.68553531,823112.42500448,黃大仙區,黃大仙區翠竹及鵬程區議員選區,Q54076673,Wong Tai Sin,602882.95583600004,4129.79511620000,country:hk/district:wong-tai-sin/constituency:tsui-chuk-and-pang-ching,country:hk/district:wong-tai-sin
192,241,S23,Cheung Ching,長青,829205.13670660,823106.18884278,葵青區,葵青區長青區議員選區,Q54084444,Kwai Tsing,227200.69468300001,2620.73399361000,country:hk/district:kwai-tsing/constituency:cheung-ching,country:hk/district:kwai-tsing
191,246,S24,Cheung Hong,長康,828567.88561981,823347.87705693,葵青區,葵青區長康區議員選區,Q54084250,Kwai Tsing,166664.65988699999,2785.57639608000,country:hk/district:kwai-tsing/constituency:cheung-hong,country:hk/district:kwai-tsing
189,240,S15,Cho Yiu,祖堯,831556.10889068,822948.73278281,葵青區,葵青區祖堯區議員選區,Q54084442,Kwai Tsing,774758.40867399995,4308.40424991000,country:hk/district:kwai-tsing/constituency:cho-yiu,country:hk/district:kwai-tsing
188,250,H17,Ching Oi,正愛,838317.94669618,823638.67427266,黃大仙區,黃大仙區正愛區議員選區,Q54076586,Wong Tai Sin,467829.20790400001,4098.38746767000,country:hk/district:wong-tai-sin/constituency:ching-oi,country:hk/district:wong-tai-sin
187,198,S17,Lai King,荔景,831085.99074213,821935.57753337,葵青區,葵青區荔景區議員選區,Q54084409,Kwai Tsing,5413832.46908000018,12476.32710220000,country:hk/district:kwai-tsing/constituency:lai-king,country:hk/district:kwai-tsing
387,60,A03,Castle Road,衛城,833324.75580740,815780.33384351,中西區,中西區衛城區議員選區,Q54086346,Central & Western,274595.16461899999,3358.38819810000,country:hk/district:central-and-western/constituency:castle-road,country:hk/district:central-and-western
349,71,A06,Kennedy Town & Mount Davis,堅摩,830283.02359763,816284.27377630,中西區,中西區堅摩區議員選區,Q54086350,Central & Western,4906932.06424999982,9709.04268409000,country:hk/district:central-and-western/constituency:kennedy-town-and-mount-davis,country:hk/district:central-and-western
348,91,C18,Provident,和富,838393.59245830,817364.80227094,東區,東區和富區議員選區,Q54086194,Eastern,668927.78709799994,3884.64861973000,country:hk/district:eastern/constituency:provident,country:hk/district:eastern
347,73,C22,Healthy Village,健康村,839280.28448978,817224.89896624,東區,東區健康村區議員選區,Q54086163,Eastern,1224218.58028000011,6004.31612202000,country:hk/district:eastern/constituency:healthy-village,country:hk/district:eastern
346,89,C23,Quarry Bay,鰂魚涌,839951.46554621,817144.98936980,東區,東區鰂魚涌區議員選區,Q54086116,Eastern,793082.52265199996,4305.46005018000,country:hk/district:eastern/constituency:quarry-bay,country:hk/district:eastern
345,92,J21,Yau Tong East,油塘東,842967.82984547,817611.18980444,觀塘區,觀塘區油塘東區議員選區,Q54085424,Kwun Tong,433023.43801799999,4262.52877885000,country:hk/district:kwun-tong/constituency:yau-tong-east,country:hk/district:kwun-tong
329,85,Q27,Wan Po South,環保南,845075.59038142,816925.73723385,西貢區,西貢區環保南區議員選區,Q54075243,Sai Kung,5724369.32921000011,15009.86367160000,country:hk/district:sai-kung/constituency:wan-po-south,country:hk/district:sai-kung
327,115,Q11,O Tong,澳唐,844506.59720185,818758.25072449,西貢區,西貢區澳唐區議員選區,Q54075216,Sai Kung,102711.83710800001,1328.38173225000,country:hk/district:sai-kung/constituency:o-tong,country:hk/district:sai-kung
322,100,Q26,Wan Po North,環保北,845075.59038142,816925.73723385,西貢區,西貢區環保北區議員選區,Q54075226,Sai Kung,1086402.93952000001,6322.16153621000,country:hk/district:sai-kung/constituency:wan-po-north,country:hk/district:sai-kung
316,104,T06,Discovery Bay,愉景灣,823195.75265335,818113.82259304,離島區,離島區愉景灣區議員選區,Q54082389,Islands,25638204.83680000156,30557.09809870000,country:hk/district:islands/constituency:discovery-bay,country:hk/district:islands
313,131,G16,To Kwa Wan South,土瓜灣南,837369.88820872,819354.39015980,九龍城區,九龍城區土瓜灣南區議員選區,Q54084639,Kowloon City,99658.04250000000,1590.98141765000,country:hk/district:kowloon-city/constituency:to-kwa-wan-south,country:hk/district:kowloon-city
312,103,J18,Kwong Tak,廣德,842868.99733153,818933.17928935,觀塘區,觀塘區廣德區議員選區,Q54085214,Kwun Tong,546368.68972400005,5327.81844233000,country:hk/district:kwun-tong/constituency:kwong-tak,country:hk/district:kwun-tong
297,145,J28,Po Lok,寶樂,841543.12806010,819727.67654856,觀塘區,觀塘區寶樂區議員選區,Q54085323,Kwun Tong,80566.26474750000,1239.57731309000,country:hk/district:kwun-tong/constituency:po-lok,country:hk/district:kwun-tong
280,156,E15,Mong Kok South,旺角南,835672.67402214,819975.61912138,油尖旺區,油尖旺區旺角南區議員選區,Q54074814,Yau Tsim Mong,200240.59468400001,2339.17411624000,country:hk/district:yau-tsim-mong/constituency:mong-kok-south,country:hk/district:yau-tsim-mong
276,165,Q20,King Lam,景林,844915.42358305,820166.81081102,西貢區,西貢區景林區議員選區,Q54075113,Sai Kung,134893.44213899999,1503.73509952000,country:hk/district:sai-kung/constituency:king-lam,country:hk/district:sai-kung
270,4,T01,Lantau,大嶼山,810656.50255710,809849.86178746,離島區,離島區大嶼山區議員選區,Q54082512,Islands,313620531.78100001812,84232.80640250001,country:hk/district:islands/constituency:lantau,country:hk/district:islands
261,184,J35,To Tai,淘大,840308.80123522,820665.65813527,觀塘區,觀塘區淘大區議員選區,Q54085523,Kwun Tong,58120.46330780000,1056.66877216000,country:hk/district:kwun-tong/constituency:to-tai,country:hk/district:kwun-tong
254,189,F06,Nam Cheong South,南昌南,834962.36555763,820926.33531830,深水埗區,深水埗區南昌南區議員選區,Q54083628,Sham Shui Po,158537.64485600000,2046.67520658000,country:hk/district:sham-shui-po/constituency:nam-cheong-south,country:hk/district:sham-shui-po
241,199,F03,Nam Cheong North,南昌北,834903.84070641,821373.57600889,深水埗區,深水埗區南昌北區議員選區,Q54083412,Sham Shui Po,113005.46988400001,1372.11586823000,country:hk/district:sham-shui-po/constituency:nam-cheong-north,country:hk/district:sham-shui-po
127,320,R05,Yue Shing,愉城,839024.39589877,827265.76311109,沙田區,沙田區愉城區議員選區,Q54086310,Sha Tin,166346.06047600001,1852.59977117000,country:hk/district:sha-tin/constituency:yue-shing,country:hk/district:sha-tin
118,324,R03,Wo Che Estate,禾輋邨,838259.10492848,827596.79640817,沙田區,沙田區禾輋邨區議員選區,Q54086328,Sha Tin,300919.95630600001,2451.46861384000,country:hk/district:sha-tin/constituency:wo-che-estate,country:hk/district:sha-tin
110,332,L08,Shan King,山景,814466.84056388,828656.47860837,屯門區,屯門區山景區議員選區,Q54084469,Tuen Mun,139058.89759400001,1882.57917830000,country:hk/district:tuen-mun/constituency:shan-king,country:hk/district:tuen-mun
105,337,L09,King Hing,景興,814837.97985649,829242.56525135,屯門區,屯門區景興區議員選區,Q54084491,Tuen Mun,269818.32504299999,2471.92500464000,country:hk/district:tuen-mun/constituency:king-hing,country:hk/district:tuen-mun
90,349,R32,Heng On,恒安,841590.23493177,830822.26702985,沙田區,沙田區恒安區議員選區,Q54086338,Sha Tin,204184.39627500001,2028.50196328000,country:hk/district:sha-tin/constituency:heng-on,country:hk/district:sha-tin
75,363,R26,Ma On Shan Town Centre,馬鞍山市中心,841705.15338284,832255.94612323,沙田區,沙田區馬鞍山市中心區議員選區,Q54086332,Sha Tin,805745.96644999995,4508.68438771000,country:hk/district:sha-tin/constituency:ma-on-shan-town-centre,country:hk/district:sha-tin
179,264,S29,Cheung On,長安,828508.31565907,824662.06740055,葵青區,葵青區長安區議員選區,Q54084273,Kwai Tsing,88782.76012650000,1460.49124010000,country:hk/district:kwai-tsing/constituency:cheung-on,country:hk/district:kwai-tsing
176,265,S19,On Ho,安灝,829080.27994397,824757.44447408,葵青區,葵青區安灝區議員選區,Q54084448,Kwai Tsing,340183.58387799998,2581.61822076000,country:hk/district:kwai-tsing/constituency:on-ho,country:hk/district:kwai-tsing
166,275,S06,Kwai Chung Estate South,葵涌邨南,831197.31254457,825380.17889760,葵青區,葵青區葵涌邨南區議員選區,Q54084370,Kwai Tsing,173962.89944300000,2190.92656345000,country:hk/district:kwai-tsing/constituency:kwai-chung-estate-south,country:hk/district:kwai-tsing
159,283,S05,Kwai Chung Estate North,葵涌邨北,831352.62867137,825579.57672078,葵青區,葵青區葵涌邨北區議員選區,Q54084315,Kwai Tsing,201106.83532499999,2138.68557354000,country:hk/district:kwai-tsing/constituency:kwai-chung-estate-north,country:hk/district:kwai-tsing
153,293,K05,Fuk Loi,福來,829836.52343316,826007.88368185,荃灣區,荃灣區福來區議員選區,Q54076203,Tsuen Wan,162077.03555700000,2001.38188978000,country:hk/district:tsuen-wan/constituency:fuk-loi,country:hk/district:tsuen-wan
180,256,S13,Wah Lai,華麗,831994.04259638,823893.01694792,葵青區,葵青區華麗區議員選區,Q54084431,Kwai Tsing,844677.02371400001,6512.94960896000,country:hk/district:kwai-tsing/constituency:wah-lai,country:hk/district:kwai-tsing
178,253,S16,Hing Fong,興芳,831275.69481396,824396.91400678,葵青區,葵青區興芳區議員選區,Q54084441,Kwai Tsing,678184.98822599999,6444.90506536000,country:hk/district:kwai-tsing/constituency:hing-fong,country:hk/district:kwai-tsing
171,211,K13,Ma Wan,馬灣,822197.32404223,822011.05254256,荃灣區,荃灣區馬灣區議員選區,Q54075981,Tsuen Wan,33363372.72509999946,25927.97871250000,country:hk/district:tsuen-wan/constituency:ma-wan,country:hk/district:tsuen-wan
160,261,R12,Chui Tin,翠田,836521.60728599,824360.42179830,沙田區,沙田區翠田區議員選區,Q54086333,Sha Tin,1374272.86971000000,8106.35866856000,country:hk/district:sha-tin/constituency:chui-tin,country:hk/district:sha-tin
155,287,K04,Clague Garden,祈德尊,829522.93399492,825751.36510018,荃灣區,荃灣區祈德尊區議員選區,Q54076018,Tsuen Wan,181187.49687199999,1998.55486084000,country:hk/district:tsuen-wan/constituency:clague-garden,country:hk/district:tsuen-wan
154,257,R11,Sun Tin Wai,新田圍,837266.95201267,824702.75300585,沙田區,沙田區新田圍區議員選區,Q54086339,Sha Tin,2194313.81727000000,10883.57431270000,country:hk/district:sha-tin/constituency:sun-tin-wai,country:hk/district:sha-tin
145,297,R08,Pok Hong,博康,838043.56772267,826253.64038253,沙田區,沙田區博康區議員選區,Q54086277,Sha Tin,129166.27222499999,1573.69601890000,country:hk/district:sha-tin/constituency:pok-hong,country:hk/district:sha-tin
143,303,L18,Butterfly,蝴蝶,814237.39588221,826371.29129107,屯門區,屯門區蝴蝶區議員選區,Q54084482,Tuen Mun,182779.04571000001,1722.31746149000,country:hk/district:tuen-mun/constituency:butterfly,country:hk/district:tuen-mun
141,262,R14,Lower Shing Mun,下城門,834346.67027067,824631.63289387,沙田區,沙田區下城門區議員選區,Q54086292,Sha Tin,9238408.57103000022,16791.44354310000,country:hk/district:sha-tin/constituency:lower-shing-mun,country:hk/district:sha-tin
136,286,K12,Tsuen Wan Rural,荃灣郊區,822197.32404223,822011.05254256,荃灣區,荃灣區荃灣郊區區議員選區,Q54076282,Tsuen Wan,4229034.19056999963,14575.44997070000,country:hk/district:tsuen-wan/constituency:tsuen-wan-rural,country:hk/district:tsuen-wan
134,270,R09,Jat Min,乙明,838549.69499094,825236.45374945,沙田區,沙田區乙明區議員選區,Q54086311,Sha Tin,4609077.74363000039,13476.83544900000,country:hk/district:sha-tin/constituency:jat-min,country:hk/district:sha-tin
229,209,F13,Mei Foo South,美孚南,832640.17112295,821687.70923245,深水埗區,深水埗區美孚南區議員選區,Q54083663,Sham Shui Po,320550.91391000000,2605.34892560000,country:hk/district:sham-shui-po/constituency:mei-foo-south,country:hk/district:sham-shui-po
226,208,F02,Cheung Sha Wan,長沙灣,834644.69402264,821722.66397595,深水埗區,深水埗區長沙灣區議員選區,Q54083497,Sham Shui Po,179786.66378900001,2020.99549279000,country:hk/district:sham-shui-po/constituency:cheung-sha-wan,country:hk/district:sham-shui-po
132,296,L13,Hanford,恆福,818082.01951817,826349.01393077,屯門區,屯門區恆福區議員選區,Q54084452,Tuen Mun,3449076.28119000001,17024.92793690000,country:hk/district:tuen-mun/constituency:hanford,country:hk/district:tuen-mun
130,302,S08,On Yam,安蔭,832700.53483465,826383.89950484,葵青區,葵青區安蔭區議員選區,Q54084228,Kwai Tsing,1254775.87543000001,7367.73659049000,country:hk/district:kwai-tsing/constituency:on-yam,country:hk/district:kwai-tsing
216,220,H21,Choi Wan East,彩雲東,840613.39011310,822015.80499611,黃大仙區,黃大仙區彩雲東區議員選區,Q54076806,Wong Tai Sin,649717.10733499995,3399.13164709000,country:hk/district:wong-tai-sin/constituency:choi-wan-east,country:hk/district:wong-tai-sin
214,224,F17,Lai Chi Kok North,荔枝角北,833297.39148564,822062.84890656,深水埗區,深水埗區荔枝角北區議員選區,Q54083449,Sham Shui Po,531711.04759099998,4440.54515079000,country:hk/district:sham-shui-po/constituency:lai-chi-kok-north,country:hk/district:sham-shui-po
213,232,H01,Lung Tsui,龍趣,838163.48369093,822385.20226092,黃大仙區,黃大仙區龍趣區議員選區,Q54076769,Wong Tai Sin,153658.12249099999,2027.41599306000,country:hk/district:wong-tai-sin/constituency:lung-tsui,country:hk/district:wong-tai-sin
146,300,L17,Wu King,湖景,814474.23644383,826283.71531812,屯門區,屯門區湖景區議員選區,Q54084472,Tuen Mun,80518.55885950000,1370.85438379000,country:hk/district:tuen-mun/constituency:wu-king,country:hk/district:tuen-mun
144,299,K06,Discovery Park,愉景,829656.56074646,826337.81750997,荃灣區,荃灣區愉景區議員選區,Q54076265,Tsuen Wan,168713.50891599999,2691.32618326000,country:hk/district:tsuen-wan/constituency:discovery-park,country:hk/district:tsuen-wan
125,307,K14,Luk Yeung,綠楊,830589.49654869,826680.01964247,荃灣區,荃灣區綠楊區議員選區,Q54076182,Tsuen Wan,768539.51552599994,6435.26984879000,country:hk/district:tsuen-wan/constituency:luk-yeung,country:hk/district:tsuen-wan
123,322,L05,Yau Oi South,友愛南,815372.68304910,827546.04925566,屯門區,屯門區友愛南區議員選區,Q54084481,Tuen Mun,86292.06907750000,1255.14006465000,country:hk/district:tuen-mun/constituency:yau-oi-south,country:hk/district:tuen-mun
119,326,R04,City One,第一城,838990.78422823,827642.05946925,沙田區,沙田區第一城區議員選區,Q54086336,Sha Tin,231242.17077699999,2517.76890054000,country:hk/district:sha-tin/constituency:city-one,country:hk/district:sha-tin
115,318,R20,Chung Tin,松田,835141.04893270,827071.58399896,沙田區,沙田區松田區議員選區,Q54086313,Sha Tin,4491560.32739000022,12273.48134290000,country:hk/district:sha-tin/constituency:chung-tin,country:hk/district:sha-tin
131,306,R01,Sha Tin Town Centre,沙田市中心,837050.54865721,826708.86735686,沙田區,沙田區沙田市中心區議員選區,Q54086340,Sha Tin,794740.82041000004,5209.95974419000,country:hk/district:sha-tin/constituency:sha-tin-town-centre,country:hk/district:sha-tin
129,314,L14,Fu Sun,富新,814503.22641149,826825.74692241,屯門區,屯門區富新區議員選區,Q54084457,Tuen Mun,274794.06606799999,2170.99153478000,country:hk/district:tuen-mun/constituency:fu-sun,country:hk/district:tuen-mun
128,317,L03,Siu Tsui,兆翠,815401.67350426,827132.10374623,屯門區,屯門區兆翠區議員選區,Q54084468,Tuen Mun,239619.31024500000,3118.34689311000,country:hk/district:tuen-mun/constituency:siu-tsui,country:hk/district:tuen-mun
126,312,K18,Cheung Shek,象石,831153.83631712,826857.52937613,荃灣區,荃灣區象石區議員選區,Q54076037,Tsuen Wan,603668.78873599996,4407.30465531000,country:hk/district:tsuen-wan/constituency:cheung-shek,country:hk/district:tsuen-wan
111,281,Q02,Pak Sha Wan,白沙灣,844141.59195023,824746.32331661,西貢區,西貢區白沙灣區議員選區,Q54075235,Sai Kung,24484266.90480000153,27457.17355140000,country:hk/district:sai-kung/constituency:pak-sha-wan,country:hk/district:sai-kung
109,311,R37,Kwong Hong,廣康,840364.09491988,827830.17345083,沙田區,沙田區廣康區議員選區,Q54086323,Sha Tin,2174021.09770999989,8171.75601116000,country:hk/district:sha-tin/constituency:kwong-hong,country:hk/district:sha-tin
121,310,Q01,Sai Kung Central,西貢市中心,846138.82711684,826730.45534273,西貢區,西貢區西貢市中心區議員選區,Q54075093,Sai Kung,1556688.18100999994,6546.18014764000,country:hk/district:sai-kung/constituency:sai-kung-central,country:hk/district:sai-kung
120,325,L02,Siu Chi,兆置,815986.63311711,827570.63526937,屯門區,屯門區兆置區議員選區,Q54084474,Tuen Mun,304659.79707799997,2964.56996392000,country:hk/district:tuen-mun/constituency:siu-chi,country:hk/district:tuen-mun
117,319,R02,Lek Yuen,瀝源,837378.30285994,827455.85473801,沙田區,沙田區瀝源區議員選區,Q54086278,Sha Tin,1299361.72420999990,8598.79958612000,country:hk/district:sha-tin/constituency:lek-yuen,country:hk/district:sha-tin
116,321,L06,Yau Oi North,友愛北,815120.15600058,827506.72644403,屯門區,屯門區友愛北區議員選區,Q54084484,Tuen Mun,520808.45733399998,4567.98606523000,country:hk/district:tuen-mun/constituency:yau-oi-north,country:hk/district:tuen-mun
114,327,L20,Lung Mun,龍門,814337.95026008,827936.12041200,屯門區,屯門區龍門區議員選區,Q54084459,Tuen Mun,1663028.89458999992,6613.24664592000,country:hk/district:tuen-mun/constituency:lung-mun,country:hk/district:tuen-mun
112,329,L01,Tuen Mun Town Centre,屯門巿中心,815620.29334722,828275.07742370,屯門區,屯門區屯門巿中心區議員選區,Q54084480,Tuen Mun,310006.32732600003,3146.47658169000,country:hk/district:tuen-mun/constituency:tuen-mun-town-centre,country:hk/district:tuen-mun
106,334,L07,Tsui Hing,翠興,815092.81433200,828818.32482391,屯門區,屯門區翠興區議員選區,Q54084463,Tuen Mun,501665.66082699999,3166.77842111000,country:hk/district:tuen-mun/constituency:tsui-hing,country:hk/district:tuen-mun
101,342,L23,Tin King,田景,814517.35574795,829676.14513579,屯門區,屯門區田景區議員選區,Q54084470,Tuen Mun,86606.21531750000,1393.04937299000,country:hk/district:tuen-mun/constituency:tin-king,country:hk/district:tuen-mun
99,344,L22,Leung King,良景,814222.03720762,829775.04961518,屯門區,屯門區良景區議員選區,Q54084465,Tuen Mun,118660.75547300000,1742.29139027000,country:hk/district:tuen-mun/constituency:leung-king,country:hk/district:tuen-mun
98,343,L25,Kin Sang,建生,814862.57286211,829745.00851275,屯門區,屯門區建生區議員選區,Q54084467,Tuen Mun,175599.98425000001,1901.15354228000,country:hk/district:tuen-mun/constituency:kin-sang,country:hk/district:tuen-mun
97,336,L21,San King,新景,813782.79188486,829241.68614012,屯門區,屯門區新景區議員選區,Q54084489,Tuen Mun,2146702.84028000012,7725.28725182000,country:hk/district:tuen-mun/constituency:san-king,country:hk/district:tuen-mun
93,346,L26,Siu Hong,兆康,815458.66120488,830010.83101421,屯門區,屯門區兆康區議員選區,Q54084450,Tuen Mun,660716.29735699994,5058.59319442000,country:hk/district:tuen-mun/constituency:siu-hong,country:hk/district:tuen-mun
86,353,R24,Chung On,頌安,841386.80162812,831255.99442411,沙田區,沙田區頌安區議員選區,Q54086307,Sha Tin,500956.79478699999,4310.58689061000,country:hk/district:sha-tin/constituency:chung-on,country:hk/district:sha-tin
84,356,R30,Kam Ying,錦英,842174.26385666,831362.24240597,沙田區,沙田區錦英區議員選區,Q54086294,Sha Tin,314678.52474800003,4168.45117987000,country:hk/district:sha-tin/constituency:kam-ying,country:hk/district:sha-tin
83,359,R28,Fu Lung,富龍,842678.49019784,832628.73107838,沙田區,沙田區富龍區議員選區,Q54086300,Sha Tin,210659.10230699999,2466.34313300000,country:hk/district:sha-tin/constituency:fu-lung,country:hk/district:sha-tin
82,360,R27,Lee On,利安,843260.22757862,831870.75752531,沙田區,沙田區利安區議員選區,Q54086316,Sha Tin,410420.29035899998,4103.60123939000,country:hk/district:sha-tin/constituency:lee-on,country:hk/district:sha-tin
76,365,R29,Wu Kai Sha,烏溪沙,842678.49019784,832628.73107838,沙田區,沙田區烏溪沙區議員選區,Q54086284,Sha Tin,2508165.88379999995,7012.96307505000,country:hk/district:sha-tin/constituency:wu-kai-sha,country:hk/district:sha-tin
152,289,R15,Wan Shing,雲城,834346.67027067,824631.63289387,沙田區,沙田區雲城區議員選區,Q54086282,Sha Tin,256897.52499800001,2417.75500534000,country:hk/district:sha-tin/constituency:wan-shing,country:hk/district:sha-tin
185,251,S22,Greenfield,翠怡,828933.64761690,823676.57455410,葵青區,葵青區翠怡區議員選區,Q54084110,Kwai Tsing,643849.26836900006,5235.43551310000,country:hk/district:kwai-tsing/constituency:greenfield,country:hk/district:kwai-tsing
184,252,H18,Ching On,正安,839889.56870777,823737.07888531,黃大仙區,黃大仙區正安區議員選區,Q54076858,Wong Tai Sin,1628960.00488999998,7439.32052099000,country:hk/district:wong-tai-sin/constituency:ching-on,country:hk/district:wong-tai-sin
177,249,R13,Hin Ka,顯嘉,835895.66037713,823954.01078799,沙田區,沙田區顯嘉區議員選區,Q54086297,Sha Tin,637277.63197400002,5503.15989193000,country:hk/district:sha-tin/constituency:hin-ka,country:hk/district:sha-tin
175,267,S28,Ching Fat,青發,827911.62821512,824850.74081788,葵青區,葵青區青發區議員選區,Q54084151,Kwai Tsing,751822.64016600000,4617.52280718000,country:hk/district:kwai-tsing/constituency:ching-fat,country:hk/district:kwai-tsing
174,255,S27,Cheung Hang,長亨,826657.28817931,824340.75212932,葵青區,葵青區長亨區議員選區,Q54084434,Kwai Tsing,2687525.40644000005,10864.65281300000,country:hk/district:kwai-tsing/constituency:cheung-hang,country:hk/district:kwai-tsing
38,399,P05,Fu Heng,富亨,835948.41588316,835483.79494082,大埔區,大埔區富亨區議員選區,Q54084932,Tai Po,400723.76241899998,2990.42605289000,country:hk/district:tai-po/constituency:fu-heng,country:hk/district:tai-po
21,420,N07,Shing Fuk,盛福,831879.11383888,839361.36125624,北區,北區盛福區議員選區,Q54083775,North,142999.69277800000,1738.89535551000,country:hk/district:north/constituency:shing-fuk,country:hk/district:north
15,425,N12,Choi Yuen,彩園,830968.82736918,840147.85506648,北區,北區彩園區議員選區,Q54083902,North,126477.60630699999,1612.57785479000,country:hk/district:north/constituency:choi-yuen,country:hk/district:north
33,406,M20,Fu Yan,富恩,817871.34957521,836160.01577789,元朗區,元朗區富恩區議員選區,Q54086247,Yuen Long,162682.76363700000,2004.73154474000,country:hk/district:yuen-long/constituency:fu-yan,country:hk/district:yuen-long
32,405,M24,Ching King,晴景,818561.13307514,836071.17298856,元朗區,元朗區晴景區議員選區,Q54086223,Yuen Long,290155.73477300000,2248.23402161000,country:hk/district:yuen-long/constituency:ching-king,country:hk/district:yuen-long
29,408,M23,Wang Yat,宏逸,818608.61923448,836505.90885231,元朗區,元朗區宏逸區議員選區,Q54086224,Yuen Long,684999.26663900004,4931.09614613000,country:hk/district:yuen-long/constituency:wang-yat,country:hk/district:yuen-long
26,412,N05,Wah Ming,華明,832560.12594963,838246.15749296,北區,北區華明區議員選區,Q54084023,North,98465.51726199999,1334.07034030000,country:hk/district:north/constituency:wah-ming,country:hk/district:north
22,421,N03,Cheung Wah,祥華,832608.03250524,839219.76420972,北區,北區祥華區議員選區,Q54083958,North,181161.97053699999,2025.98593857000,country:hk/district:north/constituency:cheung-wah,country:hk/district:north
19,422,N09,Ching Ho,清河,831341.04142363,839359.89475989,北區,北區清河區議員選區,Q54084064,North,92754.35544600000,1664.08554822000,country:hk/district:north/constituency:ching-ho,country:hk/district:north
396,46,C29,Lower Yiu Tung,下耀東,841272.77730290,815449.94510489,東區,東區下耀東區議員選區,Q54086146,Eastern,190873.73307200000,2411.63415631000,country:hk/district:eastern/constituency:lower-yiu-tung,country:hk/district:eastern
124,316,R06,Wong Uk,王屋,838561.68502604,826992.58461628,沙田區,沙田區王屋區議員選區,Q54086342,Sha Tin,691955.84978299995,3526.22515939000,country:hk/district:sha-tin/constituency:wong-uk,country:hk/district:sha-tin
102,315,K09,Lai To,麗濤,827469.94655697,827286.98835847,荃灣區,荃灣區麗濤區議員選區,Q54076147,Tsuen Wan,9403744.71553000063,18345.53835010000,country:hk/district:tsuen-wan/constituency:lai-to,country:hk/district:tsuen-wan
88,348,L28,Fu Tai,富泰,816410.09686698,830464.79398949,屯門區,屯門區富泰區議員選區,Q54084455,Tuen Mun,944842.83533999999,7286.08642559000,country:hk/district:tuen-mun/constituency:fu-tai,country:hk/district:tuen-mun
73,351,M35,Pat Heung South,八鄉南,827055.28612541,830863.83484427,元朗區,元朗區八鄉南區議員選區,Q54086249,Yuen Long,24088773.28909999877,29580.52993330000,country:hk/district:yuen-long/constituency:pat-heung-south,country:hk/district:yuen-long
2,431,N16,Sha Ta,沙打,843217.60224125,843310.01226634,北區,北區沙打區議員選區,Q54084087,North,133061576.90500000119,70892.76246020000,country:hk/district:north/constituency:sha-ta,country:hk/district:north
262,175,E12,Tai Nan,大南,835025.64594046,820634.57827237,油尖旺區,油尖旺區大南區議員選區,Q54075023,Yau Tsim Mong,208263.11106600001,2844.88122900000,country:hk/district:yau-tsim-mong/constituency:tai-nan,country:hk/district:yau-tsim-mong
71,371,P11,Wan Tau Tong,運頭塘,835287.15910453,833620.59514900,大埔區,大埔區運頭塘區議員選區,Q54084881,Tai Po,123267.31152800001,1737.09247394000,country:hk/district:tai-po/constituency:wan-tau-tong,country:hk/district:tai-po
11,426,N14,Tin Ping West,天平西,831643.63371127,840640.90955380,北區,北區天平西區議員選區,Q54083861,North,212714.63379699999,2791.27846084000,country:hk/district:north/constituency:tin-ping-west,country:hk/district:north
23,413,N04,Wah Do,華都,832655.19508801,838586.26042861,北區,北區華都區議員選區,Q54083756,North,131819.31283700000,1578.09762076000,country:hk/district:north/constituency:wah-do,country:hk/district:north
16,424,N01,Luen Wo Hui,聯和墟,832484.09198764,840048.81180352,北區,北區聯和墟區議員選區,Q54083995,North,237537.99871099999,2060.02287826000,country:hk/district:north/constituency:luen-wo-hui,country:hk/district:north
399,34,B08,Jardine's Lookout,渣甸山,838308.04387309,814408.24978253,灣仔區,灣仔區渣甸山區議員選區,Q54085011,Wan Chai,2193578.53985999990,9307.37819023000,country:hk/district:wan-chai/constituency:jardine's-lookout,country:hk/district:wan-chai
398,45,C30,Upper Yiu Tung,上耀東,840909.29238633,815299.48103096,東區,東區上耀東區議員選區,Q54085947,Eastern,358499.32280999998,4112.29138700000,country:hk/district:eastern/constituency:upper-yiu-tung,country:hk/district:eastern
395,41,C08,Tsui Wan,翠灣,843341.49322742,814838.54416010,東區,東區翠灣區議員選區,Q54085858,Eastern,1405710.30153000006,6101.78923502000,country:hk/district:eastern/constituency:tsui-wan,country:hk/district:eastern
393,53,B07,Tai Hang,大坑,837644.32416173,815441.14555575,灣仔區,灣仔區大坑區議員選區,Q54085002,Wan Chai,410417.91398200003,3906.91608030000,country:hk/district:wan-chai/constituency:tai-hang,country:hk/district:wan-chai
389,52,A02,Mid Levels East,半山東,833917.92318434,815579.70196861,中西區,中西區半山東區議員選區,Q54086362,Central & Western,341694.02258300001,3834.74015090000,country:hk/district:central-and-western/constituency:mid-levels-east,country:hk/district:central-and-western
388,55,B06,Causeway Bay,銅鑼灣,837094.95336325,815732.13982444,灣仔區,灣仔區銅鑼灣區議員選區,Q54084979,Wan Chai,231394.39026399999,2297.00344117000,country:hk/district:wan-chai/constituency:causeway-bay,country:hk/district:wan-chai
139,309,K16,Lei Muk Shue West,梨木樹西,831903.22128397,826600.49759890,荃灣區,荃灣區梨木樹西區議員選區,Q54076224,Tsuen Wan,91415.75206000000,1457.82402059000,country:hk/district:tsuen-wan/constituency:lei-muk-shue-west,country:hk/district:tsuen-wan
40,402,M30,Chung Pak,頌栢,818177.18938756,835631.00913728,元朗區,Q54086244,Q54086244,Yuen Long,119228.80255600000,1520.12629120000,country:hk/district:yuen-long/constituency:chung-pak,country:hk/district:yuen-long
222,212,F11,Fortune,幸福,833788.35081780,821746.13842418,深水埗區,深水埗區幸福區議員選區,Q54083431,Sham Shui Po,495302.91161299997,3959.81375497000,country:hk/district:sham-shui-po/constituency:fortune,country:hk/district:sham-shui-po
215,222,H24,Chi Choi,池彩,839601.80330876,822046.05056362,黃大仙區,黃大仙區池彩區議員選區,Q54076490,Wong Tai Sin,412228.81709400000,3111.63654524000,country:hk/district:wong-tai-sin/constituency:chi-choi,country:hk/district:wong-tai-sin
370,59,C15,Braemar Hill,寶馬山,838678.36054044,815885.67336337,東區,東區寶馬山區議員選區,Q54085911,Eastern,1597291.07247000001,6009.20445072000,country:hk/district:eastern/constituency:braemar-hill,country:hk/district:eastern
275,162,G06,Ho Man Tin,何文田,836531.16111659,820027.16646350,九龍城區,九龍城區何文田區議員選區,Q54084599,Kowloon City,511314.95908700000,3975.12429291000,country:hk/district:kowloon-city/constituency:ho-man-tin,country:hk/district:kowloon-city
375,68,A13,Tung Wah,東華,833225.61115715,816200.15864516,中西區,中西區東華區議員選區,Q54086365,Central & Western,184593.82505499999,2438.57948689000,country:hk/district:central-and-western/constituency:tung-wah,country:hk/district:central-and-western
391,54,T03,Yat Tung Estate South,逸東邨南,811473.09878324,815737.20519623,離島區,離島區逸東邨南區議員選區,Q54082549,Islands,196019.28576200001,2190.56946494000,country:hk/district:islands/constituency:yat-tung-estate-south,country:hk/district:islands
69,367,M07,Fung Cheung,鳳翔,821709.26179757,833625.02029764,元朗區,元朗區鳳翔區議員選區,Q54086230,Yuen Long,251216.46040800001,2722.30825585000,country:hk/district:yuen-long/constituency:fung-cheung,country:hk/district:yuen-long
68,369,M01,Fung Nin,豐年,820807.73980618,833420.59843260,元朗區,元朗區豐年區議員選區,Q54086259,Yuen Long,430463.15498499997,3254.43027833000,country:hk/district:yuen-long/constituency:fung-nin,country:hk/district:yuen-long
66,368,M02,Shui Pin,水邊,820160.03814468,833728.72034478,元朗區,元朗區水邊區議員選區,Q54086274,Yuen Long,436058.37314300000,4342.04112929000,country:hk/district:yuen-long/constituency:shui-pin,country:hk/district:yuen-long
14,423,N02,Fanling Town,粉嶺市,832557.36897207,839454.07142745,北區,北區粉嶺市區議員選區,Q54084041,North,1365883.62761000008,8735.70929302000,country:hk/district:north/constituency:fanling-town,country:hk/district:north
12,429,N17,Tin Ping East,天平東,832526.08658514,840519.36466189,北區,北區天平東區議員選區,Q54083844,North,786280.52297900000,5286.27519538000,country:hk/district:north/constituency:tin-ping-east,country:hk/district:north
10,428,N13,Shek Wu Hui,石湖墟,831066.94263405,840468.34818415,北區,北區石湖墟區議員選區,Q54083828,North,735841.55700899998,5348.13190791000,country:hk/district:north/constituency:shek-wu-hui,country:hk/district:north
8,430,N15,Fung Tsui,鳳翠,831148.64558116,841615.92767273,北區,北區鳳翠區議員選區,Q54083879,North,3068693.32709999988,7507.03584033000,country:hk/district:north/constituency:fung-tsui,country:hk/district:north
